Id,Name,Mime type,Score,Deleted at,Library reference,Url,Checked on,AlternativeText:2,Contrast:2,HeadingsHigherLevel:3,HeadingsPresence:2,HeadingsSequential:3,HeadingsStartAtOne:3,HtmlBrokenLink:2,HtmlCaption:2,HtmlColorContrast:2,HtmlDefinitionList:3,HtmlEmptyHeading:2,HtmlEmptyTableHeader:2,HtmlHasLang:3,HtmlHeadingOrder:3,HtmlHeadingsPresence:2,HtmlHeadingsStart:2,HtmlImageAlt:2,HtmlImageRedundantAlt:3,HtmlLabel:2,HtmlLinkName:3,HtmlList:3,HtmlObjectAlt:2,HtmlTdHasHeader:2,HtmlTitle:3,ImageContrast:2,ImageDecorative:2,ImageDescription:2,ImageOcr:3,ImageSeizure:1,LanguageCorrect:3,LanguagePresence:3,Ocred:2,Parsable:1,Scanned:1,Security:1,TableHeaders:2,Tagged:2,Title:3
93779899,3200 Mod 7 9.pdf,application/pdf,0.0,,,https://usu.instructure.com/courses/770651/files/93779899,2023-11-14 22:40:29,0,0,0,0,0,0,0,0,0,0,0,0,0,0,0,0,0,0,0,0,0,0,0,0,0,0,0,0,0,0,0,0,0,1,0,0,0,0
93779925,3200 Mod 8 9.pdf,application/pdf,0.0,,,https://usu.instructure.com/courses/770651/files/93779925,2023-11-14 22:41:35,0,0,0,0,0,0,0,0,0,0,0,0,0,0,0,0,0,0,0,0,0,0,0,0,0,0,0,0,0,0,0,0,0,1,0,0,0,0
announcement:3170872,A few upcoming events,application/x-announcement,1.0,,,,2025-03-18 22:22:09,0,0,0,0,0,0,0,0,0,0,0,0,0,0,0,0,0,0,0,0,0,0,0,0,0,0,0,0,0,0,0,0,0,0,0,0,0,0
93779992,ASPIRE Student Association Showcase.pdf,application/pdf,0.50833225,,,https://usu.instructure.com/courses/770651/files/93779992,2024-04-16 18:18:02,1,0,0,0,1,1,0,0,0,0,0,0,0,0,0,0,0,0,0,0,0,0,0,0,0,0,0,0,0,0,0,0,0,0,0,0,0,0
93780022,Bear River Dairy Case-1.pdf,application/pdf,0.5361625,,,https://usu.instructure.com/courses/770651/files/93780022,2023-01-07 04:26:06,0,0,0,1,0,0,0,0,0,0,0,0,0,0,0,0,0,0,0,0,0,0,0,0,0,0,0,0,0,0,0,0,0,0,0,0,0,0
93779930,Bear River Dairy Case-2.pdf,application/pdf,0.5361625,,,https://usu.instructure.com/courses/770651/files/93779930,2024-03-13 18:28:43,0,0,0,1,0,0,0,0,0,0,0,0,0,0,0,0,0,0,0,0,0,0,0,0,0,0,0,0,0,0,0,0,0,0,0,0,0,0
93780054,Bear River Dairy Case-3.pdf,application/pdf,0.5361625,,,https://usu.instructure.com/courses/770651/files/93780054,2024-10-03 19:18:44,0,0,0,1,0,0,0,0,0,0,0,0,0,0,0,0,0,0,0,0,0,0,0,0,0,0,0,0,0,0,0,0,0,0,0,0,0,0
93780058,Bear River Dairy Case-4.pdf,application/pdf,0.5361625,,,https://usu.instructure.com/courses/770651/files/93780058,2024-10-03 19:18:44,0,0,0,1,0,0,0,0,0,0,0,0,0,0,0,0,0,0,0,0,0,0,0,0,0,0,0,0,0,0,0,0,0,0,0,0,0,0
93779730,Bear River Dairy Case.pdf,application/pdf,0.5361625,,,https://usu.instructure.com/courses/770651/files/93779730,2023-01-07 04:26:06,0,0,0,1,0,0,0,0,0,0,0,0,0,0,0,0,0,0,0,0,0,0,0,0,0,0,0,0,0,0,0,0,0,0,0,0,0,0
assignment:4705033,Bear River Dairy Group Case Study,application/x-assignment,0.75,,,,2025-02-21 22:15:19,0,0,0,0,0,0,0,0,0,0,0,0,0,0,0,0,1,0,0,0,0,0,0,0,0,0,0,0,0,0,0,0,0,0,0,0,0,0
93779861,Building Confidence Workshop.png,image/png,0.25,,,https://usu.instructure.com/courses/770651/files/93779861,2023-03-20 17:06:08,0,0,0,0,0,0,0,0,0,0,0,0,0,0,0,0,0,0,0,0,0,0,0,0,0,1,1,0,0,0,0,0,0,0,0,0,0,0
93780041,Business Week TVProjector Slide (3) (1).pdf,application/pdf,0.5132254807692308,,,https://usu.instructure.com/courses/770651/files/93780041,2024-09-17 23:28:56,1,0,0,0,1,1,0,0,0,0,0,0,0,0,0,0,0,0,0,0,0,0,0,0,0,0,0,0,0,0,0,0,0,0,0,0,0,0
93779772,Cavern Gear BS.jpg,image/jpeg,0.25,,,https://usu.instructure.com/courses/770651/files/93779772,2023-01-11 12:11:28,0,0,0,0,0,0,0,0,0,0,0,0,0,0,0,0,0,0,0,0,0,0,0,0,0,1,1,0,0,0,0,0,0,0,0,0,0,0
93779776,Cavern Gear IS.jpg,image/jpeg,0.1810208410024643,,,https://usu.instructure.com/courses/770651/files/93779776,2023-01-11 12:11:27,0,0,0,0,0,0,0,0,0,0,0,0,0,0,0,0,0,0,0,0,0,0,0,0,1,1,1,0,0,0,0,0,0,0,0,0,0,0
93779575,Chapman Machine Shop.PNG,image/png,1.0,,,https://usu.instructure.com/courses/770651/files/93779575,2018-08-26 06:18:20,0,0,0,0,0,0,0,0,0,0,0,0,0,0,0,0,0,0,0,0,0,0,0,0,0,0,0,0,0,0,0,0,0,0,0,0,0,0
announcement:3164633,Class & Office Hours Tomorrow,application/x-announcement,1.0,,,,2025-02-27 19:15:53,0,0,0,0,0,0,0,0,0,0,0,0,0,0,0,0,0,0,0,0,0,0,0,0,0,0,0,0,0,0,0,0,0,0,0,0,0,0
announcement:3167866,Class & Office Hours Tomorrow,application/x-announcement,1.0,,,,2025-03-08 03:22:05,0,0,0,0,0,0,0,0,0,0,0,0,0,0,0,0,0,0,0,0,0,0,0,0,0,0,0,0,0,0,0,0,0,0,0,0,0,0
93780096,Complete Guided Notes-1.pdf,application/pdf,0.0,,,https://usu.instructure.com/courses/770651/files/93780096,2024-12-12 20:01:12,0,0,0,0,0,0,0,0,0,0,0,0,0,0,0,0,0,0,0,0,0,0,0,0,0,0,0,0,0,0,0,0,0,1,0,0,0,0
93780097,Complete Guided Notes-2.pdf,application/pdf,0.0,,,https://usu.instructure.com/courses/770651/files/93780097,2024-12-12 20:01:12,0,0,0,0,0,0,0,0,0,0,0,0,0,0,0,0,0,0,0,0,0,0,0,0,0,0,0,0,0,0,0,0,0,1,0,0,0,0
93779967,Complete Guided Notes.pdf,application/pdf,0.0,,,https://usu.instructure.com/courses/770651/files/93779967,2024-08-23 17:08:07,0,0,0,0,0,0,0,0,0,0,0,0,0,0,0,0,0,0,0,0,0,0,0,0,0,0,0,0,0,0,0,0,0,1,0,0,0,0
93779871,Completed Module 9 Notes.pdf,application/pdf,0.0,,,https://usu.instructure.com/courses/770651/files/93779871,2023-04-03 21:59:42,0,0,0,0,0,0,0,0,0,0,0,0,0,0,0,0,0,0,0,0,0,0,0,0,0,0,0,0,0,0,0,0,0,1,0,0,0,0
93779703,Corporate Finance Image.png,image/png,1.0,,,https://usu.instructure.com/courses/770651/files/93779703,2019-05-10 00:08:28,0,0,0,0,0,0,0,0,0,0,0,0,0,0,0,0,0,0,0,0,0,0,0,0,0,0,0,0,0,0,0,0,0,0,0,0,0,0
assignment:4705034,Corporate Finance Presentation,application/x-assignment,1.0,,,,2023-10-17 21:21:21,0,0,0,0,0,0,0,0,0,0,0,0,0,0,0,0,0,0,0,0,0,0,0,0,0,0,0,0,0,0,0,0,0,0,0,0,0,0
page:2588892,Course Schedule,application/x-page,0.98,,,,2024-12-28 23:17:54,0,0,0,0,0,0,0,0,0,0,0,0,0,0,0,1,0,0,0,0,0,0,0,0,0,0,0,0,0,0,0,0,0,0,0,0,0,0
page:2588891,Course Schedule-2,application/x-page,0.98,,,,2024-12-28 23:17:54,0,0,0,0,0,0,0,0,0,0,0,0,0,0,0,1,0,0,0,0,0,0,0,0,0,0,0,0,0,0,0,0,0,0,0,0,0,0
93780079,Dec 3 Module 9 Guided Notes.pdf,application/pdf,0.069,,,https://usu.instructure.com/courses/770651/files/93780079,2024-12-03 17:13:01,0,0,0,0,0,0,0,0,0,0,0,0,0,0,0,0,0,0,0,0,0,0,0,0,0,0,0,0,0,0,1,0,0,0,0,0,1,0
93779697,Defense Electronics.pdf,application/pdf,0.981,,,https://usu.instructure.com/courses/770651/files/93779697,2019-06-23 04:44:11,0,0,0,0,0,0,0,0,0,0,0,0,0,0,0,0,0,0,0,0,0,0,0,0,0,0,0,0,0,0,0,0,0,0,0,0,0,1
93779903,Dell Case-1.pdf,application/pdf,0.981,,,https://usu.instructure.com/courses/770651/files/93779903,2023-10-18 21:44:19,0,0,0,0,0,0,0,0,0,0,0,0,0,0,0,0,0,0,0,0,0,0,0,0,0,0,0,0,0,0,0,0,0,0,0,0,0,1
93779910,Dell Case-2.pdf,application/pdf,0.981,,,https://usu.instructure.com/courses/770651/files/93779910,2023-10-18 21:44:19,0,0,0,0,0,0,0,0,0,0,0,0,0,0,0,0,0,0,0,0,0,0,0,0,0,0,0,0,0,0,0,0,0,0,0,0,0,1
93780068,Dell Case-3.pdf,application/pdf,0.981,,,https://usu.instructure.com/courses/770651/files/93780068,2023-11-08 16:16:13,0,0,0,0,0,0,0,0,0,0,0,0,0,0,0,0,0,0,0,0,0,0,0,0,0,0,0,0,0,0,0,0,0,0,0,0,0,1
93780070,Dell Case-4.pdf,application/pdf,0.981,,,https://usu.instructure.com/courses/770651/files/93780070,2023-11-08 16:16:13,0,0,0,0,0,0,0,0,0,0,0,0,0,0,0,0,0,0,0,0,0,0,0,0,0,0,0,0,0,0,0,0,0,0,0,0,0,1
93779819,Dell Case.pdf,application/pdf,0.981,,,https://usu.instructure.com/courses/770651/files/93779819,2023-03-07 20:37:45,0,0,0,0,0,0,0,0,0,0,0,0,0,0,0,0,0,0,0,0,0,0,0,0,0,0,0,0,0,0,0,0,0,0,0,0,0,1
assignment:4705035,Dell Computers Group Case Study,application/x-assignment,0.75,,,,2025-03-23 04:42:20,0,0,0,0,0,0,0,0,0,0,0,0,0,0,0,0,1,0,0,0,0,0,0,0,0,0,0,0,0,0,0,0,0,0,0,0,0,0
announcement:3170310,Exam 1 Extra Assignment,application/x-announcement,1.0,,,,2025-03-17 20:32:06,0,0,0,0,0,0,0,0,0,0,0,0,0,0,0,0,0,0,0,0,0,0,0,0,0,0,0,0,0,0,0,0,0,0,0,0,0,0
93779940,Exam 1 Formula Sheet-1.pdf,application/pdf,0.981,,,https://usu.instructure.com/courses/770651/files/93779940,2023-08-31 21:07:39,0,0,0,0,0,0,0,0,0,0,0,0,0,0,0,0,0,0,0,0,0,0,0,0,0,0,0,0,0,0,0,0,0,0,0,0,0,1
93780030,Exam 1 Formula Sheet-2.pdf,application/pdf,0.981,,,https://usu.instructure.com/courses/770651/files/93780030,2024-01-24 22:41:48,0,0,0,0,0,0,0,0,0,0,0,0,0,0,0,0,0,0,0,0,0,0,0,0,0,0,0,0,0,0,0,0,0,0,0,0,0,1
93779764,Exam 1 Formula Sheet.pdf,application/pdf,0.981,,,https://usu.instructure.com/courses/770651/files/93779764,2023-01-11 23:37:52,0,0,0,0,0,0,0,0,0,0,0,0,0,0,0,0,0,0,0,0,0,0,0,0,0,0,0,0,0,0,0,0,0,0,0,0,0,1
94680415,Exam 1 Make-up Finance 3200.pdf,application/pdf,0.981,,,https://usu.instructure.com/courses/770651/files/94680415,2025-03-17 20:25:41,0,0,0,0,0,0,0,0,0,0,0,0,0,0,0,0,0,0,0,0,0,0,0,0,0,0,0,0,0,0,0,0,0,0,0,0,0,1
94523926,Exam 1 Study Guide with Kahoots.pdf,application/pdf,0.5171625,,,https://usu.instructure.com/courses/770651/files/94523926,2023-10-19 18:23:58,0,0,0,1,0,0,0,0,0,0,0,0,0,0,0,0,0,0,0,0,0,0,0,0,0,0,0,0,0,0,0,0,0,0,0,0,0,1
93779741,Exam 1 Study Guide-1.pdf,application/pdf,0.981,,,https://usu.instructure.com/courses/770651/files/93779741,2023-01-17 05:08:42,0,0,0,0,0,0,0,0,0,0,0,0,0,0,0,0,0,0,0,0,0,0,0,0,0,0,0,0,0,0,0,0,0,0,0,0,0,1
93779618,Exam 1 Study Guide-2.pdf,application/pdf,0.981,,,https://usu.instructure.com/courses/770651/files/93779618,2023-08-31 21:07:25,0,0,0,0,0,0,0,0,0,0,0,0,0,0,0,0,0,0,0,0,0,0,0,0,0,0,0,0,0,0,0,0,0,0,0,0,0,1
94074053,Exam 1 Study Guide-3.pdf,application/pdf,0.981,,,https://usu.instructure.com/courses/770651/files/94074053,2023-08-31 21:07:25,0,0,0,0,0,0,0,0,0,0,0,0,0,0,0,0,0,0,0,0,0,0,0,0,0,0,0,0,0,0,0,0,0,0,0,0,0,1
93779726,Exam 1 Study Guide.pdf,application/pdf,0.981,,,https://usu.instructure.com/courses/770651/files/93779726,2021-05-12 15:42:44,0,0,0,0,0,0,0,0,0,0,0,0,0,0,0,0,0,0,0,0,0,0,0,0,0,0,0,0,0,0,0,0,0,0,0,0,0,1
93779735,Exam 1 practice problems-1.pdf,application/pdf,0.48403124999999997,,,https://usu.instructure.com/courses/770651/files/93779735,2023-01-28 00:39:06,1,0,0,1,0,0,0,0,0,0,0,0,0,0,0,0,0,0,0,0,0,0,0,0,0,0,0,0,0,0,0,0,0,0,0,0,0,1
93779784,Exam 1 practice problems-2.pdf,application/pdf,0.4509,,,https://usu.instructure.com/courses/770651/files/93779784,2023-02-08 23:29:53,1,0,0,1,0,0,0,0,0,0,0,0,0,0,0,0,0,0,0,0,0,0,0,0,0,0,0,0,0,0,0,0,0,0,0,0,0,1
93779796,Exam 1 practice problems-3.pdf,application/pdf,0.48403124999999997,,,https://usu.instructure.com/courses/770651/files/93779796,2023-02-13 22:26:48,1,0,0,1,0,0,0,0,0,0,0,0,0,0,0,0,0,0,0,0,0,0,0,0,0,0,0,0,0,0,0,0,0,0,0,0,0,1
93779937,Exam 1 practice problems-4.pdf,application/pdf,0.4509,,,https://usu.instructure.com/courses/770651/files/93779937,2023-10-25 02:35:04,1,0,0,1,0,0,0,0,0,0,0,0,0,0,0,0,0,0,0,0,0,0,0,0,0,0,0,0,0,0,0,0,0,0,0,0,0,1
93779677,Exam 1 practice problems-5.pdf,application/pdf,0.4509,,,https://usu.instructure.com/courses/770651/files/93779677,2024-01-09 16:45:00,1,0,0,1,0,0,0,0,0,0,0,0,0,0,0,0,0,0,0,0,0,0,0,0,0,0,0,0,0,0,0,0,0,0,0,0,0,1
93780001,Exam 1 practice problems-6.pdf,application/pdf,0.48403124999999997,,,https://usu.instructure.com/courses/770651/files/93780001,2024-03-13 18:18:17,1,0,0,1,0,0,0,0,0,0,0,0,0,0,0,0,0,0,0,0,0,0,0,0,0,0,0,0,0,0,0,0,0,0,0,0,0,1
93779620,Exam 1 practice problems.pdf,application/pdf,0.31837499999999996,,,https://usu.instructure.com/courses/770651/files/93779620,2021-05-12 15:43:04,1,0,0,1,0,0,0,0,0,0,0,0,0,0,0,0,0,0,0,0,0,0,0,0,0,0,0,0,0,0,0,0,0,0,0,0,0,1
93779860,Exam 2 Make-up Questions-1.pdf,application/pdf,0.981,,,https://usu.instructure.com/courses/770651/files/93779860,2023-04-05 21:16:32,0,0,0,0,0,0,0,0,0,0,0,0,0,0,0,0,0,0,0,0,0,0,0,0,0,0,0,0,0,0,0,0,0,0,0,0,0,1
93779857,Exam 2 Make-up Questions.pdf,application/pdf,0.981,,,https://usu.instructure.com/courses/770651/files/93779857,2023-04-04 05:47:19,0,0,0,0,0,0,0,0,0,0,0,0,0,0,0,0,0,0,0,0,0,0,0,0,0,0,0,0,0,0,0,0,0,0,0,0,0,1
93779998,Exam 2 Practice Problems.pdf,application/pdf,0.5171625,,,https://usu.instructure.com/courses/770651/files/93779998,2023-11-21 21:00:29,0,0,0,1,0,0,0,0,0,0,0,0,0,0,0,0,0,0,0,0,0,0,0,0,0,0,0,0,0,0,0,0,0,0,0,0,0,1
93779833,Exam 2 Study Guide-1.pdf,application/pdf,0.981,,,https://usu.instructure.com/courses/770651/files/93779833,2023-03-16 16:26:53,0,0,0,0,0,0,0,0,0,0,0,0,0,0,0,0,0,0,0,0,0,0,0,0,0,0,0,0,0,0,0,0,0,0,0,0,0,1
93780036,Exam 2 Study Guide-2.pdf,application/pdf,0.981,,,https://usu.instructure.com/courses/770651/files/93780036,2023-11-21 21:00:00,0,0,0,0,0,0,0,0,0,0,0,0,0,0,0,0,0,0,0,0,0,0,0,0,0,0,0,0,0,0,0,0,0,0,0,0,0,1
93779739,Exam 2 Study Guide.pdf,application/pdf,0.981,,,https://usu.instructure.com/courses/770651/files/93779739,2021-05-22 04:59:08,0,0,0,0,0,0,0,0,0,0,0,0,0,0,0,0,0,0,0,0,0,0,0,0,0,0,0,0,0,0,0,0,0,0,0,0,0,1
93780048,Exam 2 practice problems.pdf,application/pdf,0.5171625,,,https://usu.instructure.com/courses/770651/files/93780048,2024-04-15 19:17:48,0,0,0,1,0,0,0,0,0,0,0,0,0,0,0,0,0,0,0,0,0,0,0,0,0,0,0,0,0,0,0,0,0,0,0,0,0,1
93779659,Exam 3 Study Guide.docx,application/vnd.openxmlformats-officedocument.wordprocessingml.document,0.5261875,,,https://usu.instructure.com/courses/770651/files/93779659,2021-06-20 05:41:06,0,0,0,1,0,0,0,0,0,0,0,0,0,0,0,0,0,0,0,0,0,0,0,0,0,0,0,0,0,0,0,0,0,0,0,0,0,0
93779835,Exam 3 Study Guide.pdf,application/pdf,0.981,,,https://usu.instructure.com/courses/770651/files/93779835,2023-04-18 17:43:08,0,0,0,0,0,0,0,0,0,0,0,0,0,0,0,0,0,0,0,0,0,0,0,0,0,0,0,0,0,0,0,0,0,0,0,0,0,1
93779685,Exam 4 Formula Sheet.pdf,application/pdf,0.31837499999999996,,,https://usu.instructure.com/courses/770651/files/93779685,2019-08-26 03:29:40,1,0,0,1,0,0,0,0,0,0,0,0,0,0,0,0,0,0,0,0,0,0,0,0,0,0,0,0,0,0,0,0,0,0,0,0,0,1
93779708,Exam 4 Study Guide.pdf,application/pdf,0.981,,,https://usu.instructure.com/courses/770651/files/93779708,2021-06-20 05:58:59,0,0,0,0,0,0,0,0,0,0,0,0,0,0,0,0,0,0,0,0,0,0,0,0,0,0,0,0,0,0,0,0,0,0,0,0,0,1
93779683,Exam IV Practice Problems.pdf,application/pdf,0.5171625,,,https://usu.instructure.com/courses/770651/files/93779683,2019-11-05 21:26:18,0,0,0,1,0,0,0,0,0,0,0,0,0,0,0,0,0,0,0,0,0,0,0,0,0,0,0,0,0,0,0,0,0,0,0,0,0,1
93779786,FDIC Full-time Flier.pdf,application/pdf,0.5171625,,,https://usu.instructure.com/courses/770651/files/93779786,2023-01-31 17:38:57,1,0,0,0,0,0,0,0,0,0,0,0,0,0,0,0,0,0,0,0,0,0,0,0,0,0,0,0,0,0,0,0,0,0,0,0,0,1
93779597,FIN 3200 9-1.pdf,application/pdf,0.0,,,https://usu.instructure.com/courses/770651/files/93779597,2023-10-12 18:18:58,0,0,0,0,0,0,0,0,0,0,0,0,0,0,0,0,0,0,0,0,0,0,0,0,0,0,0,0,0,0,0,0,0,1,0,0,0,0
93779832,FIN 3200 9-2.pdf,application/pdf,0.0,,,https://usu.instructure.com/courses/770651/files/93779832,2023-11-02 22:18:27,0,0,0,0,0,0,0,0,0,0,0,0,0,0,0,0,0,0,0,0,0,0,0,0,0,0,0,0,0,0,0,0,0,1,0,0,0,0
93779897,FIN 3200 9-3.pdf,application/pdf,0.0,,,https://usu.instructure.com/courses/770651/files/93779897,2023-11-09 19:23:28,0,0,0,0,0,0,0,0,0,0,0,0,0,0,0,0,0,0,0,0,0,0,0,0,0,0,0,0,0,0,0,0,0,1,0,0,0,0
93779623,FIN 3200 9.pdf,application/pdf,0.0,,,https://usu.instructure.com/courses/770651/files/93779623,2023-09-28 21:41:39,0,0,0,0,0,0,0,0,0,0,0,0,0,0,0,0,0,0,0,0,0,0,0,0,0,0,0,0,0,0,0,0,0,1,0,0,0,0
93779629,FIN 3200 Aug 31 9.pdf,application/pdf,0.0,,,https://usu.instructure.com/courses/770651/files/93779629,2023-08-31 18:24:30,0,0,0,0,0,0,0,0,0,0,0,0,0,0,0,0,0,0,0,0,0,0,0,0,0,0,0,0,0,0,0,0,0,1,0,0,0,0
93779580,FIN 3200 Dec 5.pdf,application/pdf,0.0,,,https://usu.instructure.com/courses/770651/files/93779580,2023-12-06 16:59:50,0,0,0,0,0,0,0,0,0,0,0,0,0,0,0,0,0,0,0,0,0,0,0,0,0,0,0,0,0,0,0,0,0,1,0,0,0,0
93779590,FIN 3200 Dec 7 9.pdf,application/pdf,0.0,,,https://usu.instructure.com/courses/770651/files/93779590,2023-12-08 16:14:57,0,0,0,0,0,0,0,0,0,0,0,0,0,0,0,0,0,0,0,0,0,0,0,0,0,0,0,0,0,0,0,0,0,1,0,0,0,0
93779559,FIN 3200 Exam 1 practice problems.pdf,application/pdf,0.4604000000000001,,,https://usu.instructure.com/courses/770651/files/93779559,2023-09-13 20:17:15,1,0,0,1,0,0,0,0,0,0,0,0,0,0,0,0,0,0,0,0,0,0,0,0,0,0,0,0,0,0,0,0,0,0,0,0,0,1
93779960,FIN 3200 Exam 2 Formula Sheet-1.pdf,application/pdf,0.8070609375,,,https://usu.instructure.com/courses/770651/files/93779960,2023-08-31 21:08:08,1,0,0,0,0,0,0,0,0,0,0,0,0,0,0,0,0,0,0,0,0,0,0,0,0,0,0,0,0,0,0,0,0,0,0,0,0,1
93780008,FIN 3200 Exam 2 Formula Sheet-2.pdf,application/pdf,0.9036937500000001,,,https://usu.instructure.com/courses/770651/files/93780008,2024-04-22 21:55:08,1,0,0,0,0,0,0,0,0,0,0,0,0,0,0,0,0,0,0,0,0,0,0,0,0,0,0,0,0,0,0,0,0,0,0,0,0,1
93779803,FIN 3200 Exam 2 Formula Sheet.pdf,application/pdf,0.5171625,,,https://usu.instructure.com/courses/770651/files/93779803,2023-02-15 18:58:22,1,0,0,0,0,0,0,0,0,0,0,0,0,0,0,0,0,0,0,0,0,0,0,0,0,0,0,0,0,0,0,0,0,0,0,0,0,1
93779849,FIN 3200 Exam 3 Formula Sheet.pdf,application/pdf,0.7026975000000002,,,https://usu.instructure.com/courses/770651/files/93779849,2023-04-13 18:39:48,1,0,0,0,0,0,0,0,0,0,0,0,0,0,0,0,0,0,0,0,0,0,0,0,0,0,0,0,0,0,0,0,0,0,0,0,0,1
93779875,FIN 3200 Exam 3 Practice Problems.pdf,application/pdf,0.5171625,,,https://usu.instructure.com/courses/770651/files/93779875,2023-04-18 17:42:48,0,0,0,1,0,0,0,0,0,0,0,0,0,0,0,0,0,0,0,0,0,0,0,0,0,0,0,0,0,0,0,0,0,0,0,0,0,1
93779595,FIN 3200 Kahoot Quizzes.pdf,application/pdf,0.31837499999999996,,,https://usu.instructure.com/courses/770651/files/93779595,2023-12-11 23:47:52,1,0,0,1,0,0,0,0,0,0,0,0,0,0,0,0,0,0,0,0,0,0,0,0,0,0,0,0,0,0,0,0,0,0,0,0,0,1
93779830,FIN 3200 Mod 6 Nov 7 9.pdf,application/pdf,0.0,,,https://usu.instructure.com/courses/770651/files/93779830,2023-11-07 20:24:38,0,0,0,0,0,0,0,0,0,0,0,0,0,0,0,0,0,0,0,0,0,0,0,0,0,0,0,0,0,0,0,0,0,1,0,0,0,0
93779905,FIN 3200 Mod 7 Nov 7 9.pdf,application/pdf,0.0,,,https://usu.instructure.com/courses/770651/files/93779905,2023-11-08 06:42:42,0,0,0,0,0,0,0,0,0,0,0,0,0,0,0,0,0,0,0,0,0,0,0,0,0,0,0,0,0,0,0,0,0,1,0,0,0,0
93779586,FIN 3200 Mod 8 9.pdf,application/pdf,0.0,,,https://usu.instructure.com/courses/770651/files/93779586,2023-11-28 20:03:31,0,0,0,0,0,0,0,0,0,0,0,0,0,0,0,0,0,0,0,0,0,0,0,0,0,0,0,0,0,0,0,0,0,1,0,0,0,0
93779589,FIN 3200 Mod 8 Nov 21.pdf,application/pdf,0.0,,,https://usu.instructure.com/courses/770651/files/93779589,2023-11-21 16:19:48,0,0,0,0,0,0,0,0,0,0,0,0,0,0,0,0,0,0,0,0,0,0,0,0,0,0,0,0,0,0,0,0,0,1,0,0,0,0
93779593,FIN 3200 Mod 9 9-1.pdf,application/pdf,0.0,,,https://usu.instructure.com/courses/770651/files/93779593,2023-11-30 23:18:17,0,0,0,0,0,0,0,0,0,0,0,0,0,0,0,0,0,0,0,0,0,0,0,0,0,0,0,0,0,0,0,0,0,1,0,0,0,0
93779592,FIN 3200 Mod 9 9.pdf,application/pdf,0.0,,,https://usu.instructure.com/courses/770651/files/93779592,2023-11-28 20:12:54,0,0,0,0,0,0,0,0,0,0,0,0,0,0,0,0,0,0,0,0,0,0,0,0,0,0,0,0,0,0,0,0,0,1,0,0,0,0
93779637,FIN 3200 Module 1 Homework Problems-1.pdf,application/pdf,0.38463749999999997,,,https://usu.instructure.com/courses/770651/files/93779637,2023-09-07 19:19:26,1,0,0,1,0,0,0,0,0,0,0,0,0,0,0,0,0,0,0,0,0,0,0,0,0,0,0,0,0,0,0,0,0,0,0,0,0,1
93780016,FIN 3200 Module 1 Homework Problems-2.pdf,application/pdf,0.38463749999999997,,,https://usu.instructure.com/courses/770651/files/93780016,2023-12-20 21:12:04,1,0,0,1,0,0,0,0,0,0,0,0,0,0,0,0,0,0,0,0,0,0,0,0,0,0,0,0,0,0,0,0,0,0,0,0,0,1
93779596,FIN 3200 Module 1 Homework Problems.pdf,application/pdf,0.38463749999999997,,,https://usu.instructure.com/courses/770651/files/93779596,2023-08-24 04:21:00,1,0,0,1,0,0,0,0,0,0,0,0,0,0,0,0,0,0,0,0,0,0,0,0,0,0,0,0,0,0,0,0,0,0,0,0,0,1
93779640,FIN 3200 Module 1 Homework Solution-1.pdf,application/pdf,0.38463749999999997,,,https://usu.instructure.com/courses/770651/files/93779640,2023-09-07 19:20:29,1,0,0,1,0,0,0,0,0,0,0,0,0,0,0,0,0,0,0,0,0,0,0,0,0,0,0,0,0,0,0,0,0,0,0,0,0,1
93779922,FIN 3200 Module 1 Homework Solution-2.pdf,application/pdf,0.41776874999999997,,,https://usu.instructure.com/courses/770651/files/93779922,2023-12-20 21:13:01,1,0,0,1,0,0,0,0,0,0,0,0,0,0,0,0,0,0,0,0,0,0,0,0,0,0,0,0,0,0,0,0,0,0,0,0,0,1
93779949,FIN 3200 Module 1 Homework Solution-3.pdf,application/pdf,0.41776874999999997,,,https://usu.instructure.com/courses/770651/files/93779949,2024-03-13 17:54:26,1,0,0,1,0,0,0,0,0,0,0,0,0,0,0,0,0,0,0,0,0,0,0,0,0,0,0,0,0,0,0,0,0,0,0,0,0,1
93780031,FIN 3200 Module 1 Homework Solution-4.pdf,application/pdf,0.41776874999999997,,,https://usu.instructure.com/courses/770651/files/93780031,2024-09-09 16:50:34,1,0,0,1,0,0,0,0,0,0,0,0,0,0,0,0,0,0,0,0,0,0,0,0,0,0,0,0,0,0,0,0,0,0,0,0,0,1
93779600,FIN 3200 Module 1 Homework Solution.pdf,application/pdf,0.38463749999999997,,,https://usu.instructure.com/courses/770651/files/93779600,2023-08-24 04:23:26,1,0,0,1,0,0,0,0,0,0,0,0,0,0,0,0,0,0,0,0,0,0,0,0,0,0,0,0,0,0,0,0,0,0,0,0,0,1
93779722,FIN 3200 Module 2 Homework Problems.pdf,application/pdf,0.38463749999999997,,,https://usu.instructure.com/courses/770651/files/93779722,2023-01-05 15:43:29,1,0,0,1,0,0,0,0,0,0,0,0,0,0,0,0,0,0,0,0,0,0,0,0,0,0,0,0,0,0,0,0,0,0,0,0,0,1
93779719,FIN 3200 Module 2 Homework Solution.pdf,application/pdf,0.38463749999999997,,,https://usu.instructure.com/courses/770651/files/93779719,2023-01-05 15:43:29,1,0,0,1,0,0,0,0,0,0,0,0,0,0,0,0,0,0,0,0,0,0,0,0,0,0,0,0,0,0,0,0,0,0,0,0,0,1
93779588,FIN 3200 Nov 16 9.pdf,application/pdf,0.0,,,https://usu.instructure.com/courses/770651/files/93779588,2023-11-16 22:46:02,0,0,0,0,0,0,0,0,0,0,0,0,0,0,0,0,0,0,0,0,0,0,0,0,0,0,0,0,0,0,0,0,0,1,0,0,0,0
93779651,"FIN 3200 Oct 10, 9.pdf",application/pdf,0.0,,,https://usu.instructure.com/courses/770651/files/93779651,2023-10-10 21:34:15,0,0,0,0,0,0,0,0,0,0,0,0,0,0,0,0,0,0,0,0,0,0,0,0,0,0,0,0,0,0,0,0,0,1,0,0,0,0
93779890,FIN 3200 Oct 17 9.pdf,application/pdf,0.0,,,https://usu.instructure.com/courses/770651/files/93779890,2023-10-17 21:21:42,0,0,0,0,0,0,0,0,0,0,0,0,0,0,0,0,0,0,0,0,0,0,0,0,0,0,0,0,0,0,0,0,0,1,0,0,0,0
93779891,FIN 3200 Oct 26 9.pdf,application/pdf,0.0,,,https://usu.instructure.com/courses/770651/files/93779891,2023-10-26 18:53:19,0,0,0,0,0,0,0,0,0,0,0,0,0,0,0,0,0,0,0,0,0,0,0,0,0,0,0,0,0,0,0,0,0,1,0,0,0,0
93779907,FIN 3200 Oct 31 9.pdf,application/pdf,0.0,,,https://usu.instructure.com/courses/770651/files/93779907,2023-10-31 18:22:56,0,0,0,0,0,0,0,0,0,0,0,0,0,0,0,0,0,0,0,0,0,0,0,0,0,0,0,0,0,0,0,0,0,1,0,0,0,0
93779846,FIN 3200 T1 Q10 V3 IS.jpg,image/jpeg,0.25,,,https://usu.instructure.com/courses/770651/files/93779846,2023-10-28 15:54:44,0,0,0,0,0,0,0,0,0,0,0,0,0,0,0,0,0,0,0,0,0,0,0,0,0,1,1,0,0,0,0,0,0,0,0,0,0,0
94690744,FPA Club Meet the Firms.pdf,application/pdf,0.4611390717821783,,,https://usu.instructure.com/courses/770651/files/94690744,2025-03-17 16:24:53,1,1,0,0,1,0,0,0,0,0,0,0,0,0,0,0,0,0,0,0,0,0,0,0,0,0,0,0,0,0,0,0,0,0,0,0,0,0
93779676,Fall 2019 Exam 1 Formula Sheet.pdf,application/pdf,0.981,,,https://usu.instructure.com/courses/770651/files/93779676,2019-08-26 03:25:17,0,0,0,0,0,0,0,0,0,0,0,0,0,0,0,0,0,0,0,0,0,0,0,0,0,0,0,0,0,0,0,0,0,0,0,0,0,1
93779727,Fall 2019 Exam 2 Formula Sheet.pdf,application/pdf,0.981,,,https://usu.instructure.com/courses/770651/files/93779727,2019-08-26 03:25:37,0,0,0,0,0,0,0,0,0,0,0,0,0,0,0,0,0,0,0,0,0,0,0,0,0,0,0,0,0,0,0,0,0,0,0,0,0,1
93779576,Fall 2019 Exam 3 Formula Sheet.pdf,application/pdf,0.5171625,,,https://usu.instructure.com/courses/770651/files/93779576,2019-08-26 03:27:56,1,0,0,0,0,0,0,0,0,0,0,0,0,0,0,0,0,0,0,0,0,0,0,0,0,0,0,0,0,0,0,0,0,0,0,0,0,1
93779889,Fall 2023 Exam 1 Study Guide.pdf,application/pdf,0.5171625,,,https://usu.instructure.com/courses/770651/files/93779889,2023-10-19 18:23:58,0,0,0,1,0,0,0,0,0,0,0,0,0,0,0,0,0,0,0,0,0,0,0,0,0,0,0,0,0,0,0,0,0,0,0,0,0,1
93779616,Fall 2023 Finance 3200 Syllabus.pdf,application/pdf,0.5171625,,,https://usu.instructure.com/courses/770651/files/93779616,2023-08-26 20:43:53,0,0,0,1,0,0,0,0,0,0,0,0,0,0,0,0,0,0,0,0,0,0,0,0,0,0,0,0,0,0,0,0,0,0,0,0,0,1
93779542,Fall 2024 3200-004 Syllabus-1.pdf,application/pdf,0.5171625,,,https://usu.instructure.com/courses/770651/files/93779542,2024-05-23 19:16:31,0,0,0,1,0,0,0,0,0,0,0,0,0,0,0,0,0,0,0,0,0,0,0,0,0,0,0,0,0,0,0,0,0,0,0,0,0,1
93780023,Fall 2024 3200-004 Syllabus-2.pdf,application/pdf,0.5171625,,,https://usu.instructure.com/courses/770651/files/93780023,2024-08-14 17:17:15,0,0,0,1,0,0,0,0,0,0,0,0,0,0,0,0,0,0,0,0,0,0,0,0,0,0,0,0,0,0,0,0,0,0,0,0,0,1
93780009,Fall 2024 3200-004 Syllabus.pdf,application/pdf,0.5171625,,,https://usu.instructure.com/courses/770651/files/93780009,2024-05-01 17:31:07,0,0,0,1,0,0,0,0,0,0,0,0,0,0,0,0,0,0,0,0,0,0,0,0,0,0,0,0,0,0,0,0,0,0,0,0,0,1
93780029,Fall 24 Module 1 Slides-1.pdf,application/pdf,0.6077035359116022,,,https://usu.instructure.com/courses/770651/files/93780029,2024-08-26 16:49:28,1,1,0,0,0,0,0,0,0,0,0,0,0,0,0,0,0,0,0,0,0,0,0,0,0,0,0,0,0,0,0,0,0,0,0,0,0,0
93780014,Fall 24 Module 1 Slides.pdf,application/pdf,0.6297472774560956,,,https://usu.instructure.com/courses/770651/files/93780014,2024-05-22 03:12:51,1,1,0,0,0,0,0,0,0,0,0,0,0,0,0,0,0,0,0,0,0,0,0,0,0,0,0,0,0,0,0,0,0,0,0,0,0,0
94357400,Feb 11 Module 3 Guided Notes 3.pdf,application/pdf,0.069,,,https://usu.instructure.com/courses/770651/files/94357400,2025-02-11 23:22:07,0,0,0,0,0,0,0,0,0,0,0,0,0,0,0,0,0,0,0,0,0,0,0,0,0,0,0,0,0,0,1,0,0,0,0,0,1,0
94381024,Feb 13 Module 4 Guided Notes 3.pdf,application/pdf,0.069,,,https://usu.instructure.com/courses/770651/files/94381024,2025-02-13 23:15:49,0,0,0,0,0,0,0,0,0,0,0,0,0,0,0,0,0,0,0,0,0,0,0,0,0,0,0,0,0,0,1,0,0,0,0,0,1,0
94436069,Feb 18 Module 4 Guided Notes 3.pdf,application/pdf,0.069,,,https://usu.instructure.com/courses/770651/files/94436069,2025-02-18 23:17:44,0,0,0,0,0,0,0,0,0,0,0,0,0,0,0,0,0,0,0,0,0,0,0,0,0,0,0,0,0,0,1,0,0,0,0,0,1,0
94477260,Feb 20 Module 4 Guided Notes 3.pdf,application/pdf,0.069,,,https://usu.instructure.com/courses/770651/files/94477260,2025-02-20 23:20:18,0,0,0,0,0,0,0,0,0,0,0,0,0,0,0,0,0,0,0,0,0,0,0,0,0,0,0,0,0,0,1,0,0,0,0,0,1,0
94529279,Feb 25 Module 4 Guided Notes 3.pdf,application/pdf,0.069,,,https://usu.instructure.com/courses/770651/files/94529279,2025-02-25 23:16:38,0,0,0,0,0,0,0,0,0,0,0,0,0,0,0,0,0,0,0,0,0,0,0,0,0,0,0,0,0,0,1,0,0,0,0,0,1,0
94282744,Feb 4 Module 3 Guided Notes 3.pdf,application/pdf,0.069,,,https://usu.instructure.com/courses/770651/files/94282744,2025-02-04 23:11:27,0,0,0,0,0,0,0,0,0,0,0,0,0,0,0,0,0,0,0,0,0,0,0,0,0,0,0,0,0,0,1,0,0,0,0,0,1,0
94305241,Feb 6 Module 3 Guided Notes 3.pdf,application/pdf,0.069,,,https://usu.instructure.com/courses/770651/files/94305241,2025-02-06 23:21:15,0,0,0,0,0,0,0,0,0,0,0,0,0,0,0,0,0,0,0,0,0,0,0,0,0,0,0,0,0,0,1,0,0,0,0,0,1,0
page:2588893,Finance 3200,application/x-page,1.0,,,,2025-01-02 16:26:03,0,0,0,0,0,0,0,0,0,0,0,0,0,0,0,0,0,0,0,0,0,0,0,0,0,0,0,0,0,0,0,0,0,0,0,0,0,0
93779713,Finance 3400 Syllabus Summer 2021-2.pdf,application/pdf,0.5171625,,,https://usu.instructure.com/courses/770651/files/93779713,2021-04-25 06:15:10,0,0,0,1,0,0,0,0,0,0,0,0,0,0,0,0,0,0,0,0,0,0,0,0,0,0,0,0,0,0,0,0,0,0,0,0,0,1
announcement:3162423,Finance Club LinkedIn Workshop,application/x-announcement,0.75,,,,2025-02-25 19:03:43,0,0,0,0,0,0,0,0,0,0,0,0,0,0,0,0,1,0,0,0,0,0,0,0,0,0,0,0,0,0,0,0,0,0,0,0,0,0
93779691,Finance Terms.pdf,application/pdf,0.981,,,https://usu.instructure.com/courses/770651/files/93779691,2023-01-10 10:35:35,0,0,0,0,0,0,0,0,0,0,0,0,0,0,0,0,0,0,0,0,0,0,0,0,0,0,0,0,0,0,0,0,0,0,0,0,0,1
93779674,Finance Terms.pdf,application/pdf,0.981,,,https://usu.instructure.com/courses/770651/files/93779674,2019-08-26 03:19:14,0,0,0,0,0,0,0,0,0,0,0,0,0,0,0,0,0,0,0,0,0,0,0,0,0,0,0,0,0,0,0,0,0,0,0,0,0,1
93780037,FinanceCareerDay.pdf,application/pdf,0.5361625,,,https://usu.instructure.com/courses/770651/files/93780037,2024-10-16 03:07:53,1,0,0,0,0,0,0,0,0,0,0,0,0,0,0,0,0,0,0,0,0,0,0,0,0,0,0,0,0,0,0,0,0,0,0,0,0,0
page:2588894,Getting Started with Proctorio - Student Guide,application/x-page,1.0,,,,2024-06-07 02:23:12,0,0,0,0,0,0,0,0,0,0,0,0,0,0,0,0,0,0,0,0,0,0,0,0,0,0,0,0,0,0,0,0,0,0,0,0,0,0
93779756,Homepage image.png,image/png,1.0,,,https://usu.instructure.com/courses/770651/files/93779756,2023-01-07 04:26:09,0,0,0,0,0,0,0,0,0,0,0,0,0,0,0,0,0,0,0,0,0,0,0,0,0,0,0,0,0,0,0,0,0,0,0,0,0,0
93779543,Homework Problem 1.PNG,image/png,1.0,,,https://usu.instructure.com/courses/770651/files/93779543,2018-08-18 21:50:55,0,0,0,0,0,0,0,0,0,0,0,0,0,0,0,0,0,0,0,0,0,0,0,0,0,0,0,0,0,0,0,0,0,0,0,0,0,0
93779549,Homework Problem 3.PNG,image/png,1.0,,,https://usu.instructure.com/courses/770651/files/93779549,2018-08-18 21:57:31,0,0,0,0,0,0,0,0,0,0,0,0,0,0,0,0,0,0,0,0,0,0,0,0,0,0,0,0,0,0,0,0,0,0,0,0,0,0
93779547,Homework Problem 4.PNG,image/png,1.0,,,https://usu.instructure.com/courses/770651/files/93779547,2018-08-18 22:00:43,0,0,0,0,0,0,0,0,0,0,0,0,0,0,0,0,0,0,0,0,0,0,0,0,0,0,0,0,0,0,0,0,0,0,0,0,0,0
93779657,Homework Problem 5.PNG,image/png,1.0,,,https://usu.instructure.com/courses/770651/files/93779657,2018-08-18 22:03:55,0,0,0,0,0,0,0,0,0,0,0,0,0,0,0,0,0,0,0,0,0,0,0,0,0,0,0,0,0,0,0,0,0,0,0,0,0,0
93779546,Homework Problem 6.PNG,image/png,1.0,,,https://usu.instructure.com/courses/770651/files/93779546,2018-08-18 22:08:22,0,0,0,0,0,0,0,0,0,0,0,0,0,0,0,0,0,0,0,0,0,0,0,0,0,0,0,0,0,0,0,0,0,0,0,0,0,0
93780065,Homework Problem 7.PNG,image/png,1.0,,,https://usu.instructure.com/courses/770651/files/93780065,2018-08-18 22:17:12,0,0,0,0,0,0,0,0,0,0,0,0,0,0,0,0,0,0,0,0,0,0,0,0,0,0,0,0,0,0,0,0,0,0,0,0,0,0
93779556,Hummer & Casper.pdf,application/pdf,1.0,,,https://usu.instructure.com/courses/770651/files/93779556,2019-06-20 04:48:18,0,0,0,0,0,0,0,0,0,0,0,0,0,0,0,0,0,0,0,0,0,0,0,0,0,0,0,0,0,0,0,0,0,0,0,0,0,0
93779916,Huntsman Global Programs.pptx,application/vnd.openxmlformats-officedocument.presentationml.presentation,0.9526187500000001,,,https://usu.instructure.com/courses/770651/files/93779916,2023-11-16 04:24:33,1,0,0,0,0,0,0,0,0,0,0,0,0,0,0,0,0,0,0,0,0,0,0,0,0,0,0,0,0,0,0,0,0,0,0,0,0,0
93779968,Huntsman Stock Pitch Competition Flyer.pdf,application/pdf,0.5325481818181819,,,https://usu.instructure.com/courses/770651/files/93779968,2024-09-17 00:36:42,1,0,0,0,1,0,0,0,0,0,0,0,0,0,0,0,0,0,0,0,0,0,0,0,0,0,0,0,0,0,0,0,0,0,0,0,0,0
assignment:4705036,Idea Center Course Evaluation,application/x-assignment,1.0,,,,2023-10-17 20:46:29,0,0,0,0,0,0,0,0,0,0,0,0,0,0,0,0,0,0,0,0,0,0,0,0,0,0,0,0,0,0,0,0,0,0,0,0,0,0
94066370,Jan 14 Module 1 Guided Notes.pdf,application/pdf,0.069,,,https://usu.instructure.com/courses/770651/files/94066370,2025-01-14 23:17:37,0,0,0,0,0,0,0,0,0,0,0,0,0,0,0,0,0,0,0,0,0,0,0,0,0,0,0,0,0,0,1,0,0,0,0,0,1,0
94087563,Jan 16 Module 1 Guided Notes.pdf,application/pdf,0.069,,,https://usu.instructure.com/courses/770651/files/94087563,2025-01-16 23:20:36,0,0,0,0,0,0,0,0,0,0,0,0,0,0,0,0,0,0,0,0,0,0,0,0,0,0,0,0,0,0,1,0,0,0,0,0,1,0
94087542,Jan 16 Module 2 Guided Notes.pdf,application/pdf,0.069,,,https://usu.instructure.com/courses/770651/files/94087542,2025-01-16 23:19:56,0,0,0,0,0,0,0,0,0,0,0,0,0,0,0,0,0,0,0,0,0,0,0,0,0,0,0,0,0,0,1,0,0,0,0,0,1,0
94144074,Jan 21 Module 2 Guides Notes.pdf,application/pdf,0.069,,,https://usu.instructure.com/courses/770651/files/94144074,2025-01-21 18:53:05,0,0,0,0,0,0,0,0,0,0,0,0,0,0,0,0,0,0,0,0,0,0,0,0,0,0,0,0,0,0,1,0,0,0,0,0,1,0
94151160,Jan 23 Module 2 Guides Notes 12.pdf,application/pdf,0.069,,,https://usu.instructure.com/courses/770651/files/94151160,2025-01-23 20:16:52,0,0,0,0,0,0,0,0,0,0,0,0,0,0,0,0,0,0,0,0,0,0,0,0,0,0,0,0,0,0,1,0,0,0,0,0,1,0
94203744,Jan 28 Module 2 Guides Notes 3.pdf,application/pdf,0.069,,,https://usu.instructure.com/courses/770651/files/94203744,2025-01-28 23:18:47,0,0,0,0,0,0,0,0,0,0,0,0,0,0,0,0,0,0,0,0,0,0,0,0,0,0,0,0,0,0,1,0,0,0,0,0,1,0
94230342,Jan 30 Module 2 Guides Notes 3.pdf,application/pdf,0.069,,,https://usu.instructure.com/courses/770651/files/94230342,2025-01-30 23:23:00,0,0,0,0,0,0,0,0,0,0,0,0,0,0,0,0,0,0,0,0,0,0,0,0,0,0,0,0,0,0,1,0,0,0,0,0,1,0
94230335,Jan 30 Module 3 Guided Notes 3.pdf,application/pdf,0.069,,,https://usu.instructure.com/courses/770651/files/94230335,2025-01-30 23:22:52,0,0,0,0,0,0,0,0,0,0,0,0,0,0,0,0,0,0,0,0,0,0,0,0,0,0,0,0,0,0,1,0,0,0,0,0,1,0
94021847,Jan 9 Module 1 Guided Notes.pdf,application/pdf,0.069,,,https://usu.instructure.com/courses/770651/files/94021847,2025-01-09 23:24:38,0,0,0,0,0,0,0,0,0,0,0,0,0,0,0,0,0,0,0,0,0,0,0,0,0,0,0,0,0,0,1,0,0,0,0,0,1,0
page:2588895,Learning Resources,application/x-page,0.75,,,,2025-02-25 16:52:36,0,0,0,0,0,0,0,0,0,0,0,0,0,0,0,0,1,0,0,0,0,0,0,0,0,0,0,0,0,0,0,0,0,0,0,0,0,0
93779795,Lecture notes example solution.pdf,application/pdf,0.0,,,https://usu.instructure.com/courses/770651/files/93779795,2023-01-26 16:31:43,0,0,0,0,0,0,0,0,0,0,0,0,0,0,0,0,0,0,0,0,0,0,0,0,0,0,0,0,0,0,0,0,0,1,0,0,0,0
93779648,Liberty Firearms.pdf,application/pdf,1.0,,,https://usu.instructure.com/courses/770651/files/93779648,2021-05-15 05:21:05,0,0,0,0,0,0,0,0,0,0,0,0,0,0,0,0,0,0,0,0,0,0,0,0,0,0,0,0,0,0,0,0,0,0,0,0,0,0
93779816,MACRS 5 year Table.jpg,image/jpeg,0.25,,,https://usu.instructure.com/courses/770651/files/93779816,2023-03-06 23:24:21,0,0,0,0,0,0,0,0,0,0,0,0,0,0,0,0,0,0,0,0,0,0,0,0,0,1,1,0,0,0,0,0,0,0,0,0,0,0
93779806,MACRS 7 year Table.jpg,image/jpeg,0.25,,,https://usu.instructure.com/courses/770651/files/93779806,2023-03-06 23:17:35,0,0,0,0,0,0,0,0,0,0,0,0,0,0,0,0,0,0,0,0,0,0,0,0,0,1,1,0,0,0,0,0,0,0,0,0,0,0
assignment:4705037,MBA Decision Group Case Study,application/x-assignment,0.75,,,,2025-02-13 23:25:59,0,0,0,0,0,0,0,0,0,0,0,0,0,0,0,0,1,0,0,0,0,0,0,0,0,0,0,0,0,0,0,0,0,0,0,0,0,0
94692516,Mar 18 Module 6 Guided Notes.pdf,application/pdf,0.069,,,https://usu.instructure.com/courses/770651/files/94692516,2025-03-18 22:17:37,0,0,0,0,0,0,0,0,0,0,0,0,0,0,0,0,0,0,0,0,0,0,0,0,0,0,0,0,0,0,1,0,0,0,0,0,1,0
94714129,Mar 20 Module 6 Guided Notes.pdf,application/pdf,0.069,,,https://usu.instructure.com/courses/770651/files/94714129,2025-03-20 22:17:55,0,0,0,0,0,0,0,0,0,0,0,0,0,0,0,0,0,0,0,0,0,0,0,0,0,0,0,0,0,0,1,0,0,0,0,0,1,0
94605569,Mar 4 Module 6 Guided Notes.pdf,application/pdf,0.069,,,https://usu.instructure.com/courses/770651/files/94605569,2025-03-04 23:33:19,0,0,0,0,0,0,0,0,0,0,0,0,0,0,0,0,0,0,0,0,0,0,0,0,0,0,0,0,0,0,1,0,0,0,0,0,1,0
94765011,March 25 Mod 7 Guided Notes.pdf,application/pdf,0.069,,,https://usu.instructure.com/courses/770651/files/94765011,2025-03-25 22:18:35,0,0,0,0,0,0,0,0,0,0,0,0,0,0,0,0,0,0,0,0,0,0,0,0,0,0,0,0,0,0,1,0,0,0,0,0,1,0
94804414,March 27 Mod 7 Guided Notes.pdf,application/pdf,0.069,,,https://usu.instructure.com/courses/770651/files/94804414,2025-03-27 22:21:42,0,0,0,0,0,0,0,0,0,0,0,0,0,0,0,0,0,0,0,0,0,0,0,0,0,0,0,0,0,0,1,0,0,0,0,0,1,0
93780038,Mod 1 Guided Notes Aug 29.pdf,application/pdf,0.069,,,https://usu.instructure.com/courses/770651/files/93780038,2024-08-29 17:53:22,0,0,0,0,0,0,0,0,0,0,0,0,0,0,0,0,0,0,0,0,0,0,0,0,0,0,0,0,0,0,1,0,0,0,0,0,1,0
93779972,Mod 6 Notes 9-1.pdf,application/pdf,0.0,,,https://usu.instructure.com/courses/770651/files/93779972,2024-03-20 18:49:37,0,0,0,0,0,0,0,0,0,0,0,0,0,0,0,0,0,0,0,0,0,0,0,0,0,0,0,0,0,0,0,0,0,1,0,0,0,0
93779966,Mod 6 Notes 9.pdf,application/pdf,0.0,,,https://usu.instructure.com/courses/770651/files/93779966,2024-03-18 21:33:49,0,0,0,0,0,0,0,0,0,0,0,0,0,0,0,0,0,0,0,0,0,0,0,0,0,0,0,0,0,0,0,0,0,1,0,0,0,0
93779987,Mod 6 Notes March 27.pdf,application/pdf,0.0,,,https://usu.instructure.com/courses/770651/files/93779987,2024-03-28 03:39:15,0,0,0,0,0,0,0,0,0,0,0,0,0,0,0,0,0,0,0,0,0,0,0,0,0,0,0,0,0,0,0,0,0,1,0,0,0,0
93779950,Mod 7 Notes April 1 9.pdf,application/pdf,0.0,,,https://usu.instructure.com/courses/770651/files/93779950,2024-04-01 21:42:19,0,0,0,0,0,0,0,0,0,0,0,0,0,0,0,0,0,0,0,0,0,0,0,0,0,0,0,0,0,0,0,0,0,1,0,0,0,0
93779984,Mod 7 Notes April 3 9.pdf,application/pdf,0.0,,,https://usu.instructure.com/courses/770651/files/93779984,2024-04-04 13:30:14,0,0,0,0,0,0,0,0,0,0,0,0,0,0,0,0,0,0,0,0,0,0,0,0,0,0,0,0,0,0,0,0,0,1,0,0,0,0
93779991,Mod 7 Notes March 27.pdf,application/pdf,0.0,,,https://usu.instructure.com/courses/770651/files/93779991,2024-03-28 03:41:53,0,0,0,0,0,0,0,0,0,0,0,0,0,0,0,0,0,0,0,0,0,0,0,0,0,0,0,0,0,0,0,0,0,1,0,0,0,0
93779895,Mod 8 Notes April 10 9.pdf,application/pdf,0.0,,,https://usu.instructure.com/courses/770651/files/93779895,2024-04-11 16:04:08,0,0,0,0,0,0,0,0,0,0,0,0,0,0,0,0,0,0,0,0,0,0,0,0,0,0,0,0,0,0,0,0,0,1,0,0,0,0
93779981,Mod 8 Notes April 3 9.pdf,application/pdf,0.0,,,https://usu.instructure.com/courses/770651/files/93779981,2024-04-04 13:35:47,0,0,0,0,0,0,0,0,0,0,0,0,0,0,0,0,0,0,0,0,0,0,0,0,0,0,0,0,0,0,0,0,0,1,0,0,0,0
93779911,Mod 8 Notes April 8.pdf,application/pdf,0.0,,,https://usu.instructure.com/courses/770651/files/93779911,2024-04-08 21:24:31,0,0,0,0,0,0,0,0,0,0,0,0,0,0,0,0,0,0,0,0,0,0,0,0,0,0,0,0,0,0,0,0,0,1,0,0,0,0
93779866,Mod 9 Notes April 10 9.pdf,application/pdf,0.0,,,https://usu.instructure.com/courses/770651/files/93779866,2024-04-11 16:05:32,0,0,0,0,0,0,0,0,0,0,0,0,0,0,0,0,0,0,0,0,0,0,0,0,0,0,0,0,0,0,0,0,0,1,0,0,0,0
93779893,Mod 9 Notes April 15 9.pdf,application/pdf,0.0,,,https://usu.instructure.com/courses/770651/files/93779893,2024-04-16 01:53:53,0,0,0,0,0,0,0,0,0,0,0,0,0,0,0,0,0,0,0,0,0,0,0,0,0,0,0,0,0,0,0,0,0,1,0,0,0,0
93779999,Mod 9 Notes April 17.pdf,application/pdf,0.0,,,https://usu.instructure.com/courses/770651/files/93779999,2024-04-18 01:37:58,0,0,0,0,0,0,0,0,0,0,0,0,0,0,0,0,0,0,0,0,0,0,0,0,0,0,0,0,0,0,0,0,0,1,0,0,0,0
93780004,Mod 9 Notes April 22 9.pdf,application/pdf,0.0,,,https://usu.instructure.com/courses/770651/files/93780004,2024-04-22 21:53:15,0,0,0,0,0,0,0,0,0,0,0,0,0,0,0,0,0,0,0,0,0,0,0,0,0,0,0,0,0,0,0,0,0,1,0,0,0,0
93779928,Module 1 9 am.pdf,application/pdf,0.0,,,https://usu.instructure.com/courses/770651/files/93779928,2024-01-10 22:42:22,0,0,0,0,0,0,0,0,0,0,0,0,0,0,0,0,0,0,0,0,0,0,0,0,0,0,0,0,0,0,0,0,0,1,0,0,0,0
93779537,Module 1 9.pdf,application/pdf,0.0,,,https://usu.instructure.com/courses/770651/files/93779537,2024-01-17 19:58:56,0,0,0,0,0,0,0,0,0,0,0,0,0,0,0,0,0,0,0,0,0,0,0,0,0,0,0,0,0,0,0,0,0,1,0,0,0,0
quiz:1302437,Module 1 Homework,application/x-quiz,1.0,,,,2023-10-17 21:21:21,0,0,0,0,0,0,0,0,0,0,0,0,0,0,0,0,0,0,0,0,0,0,0,0,0,0,0,0,0,0,0,0,0,0,0,0,0,0
assignment:4705038,Module 1 Quiz,application/x-assignment,1.0,,,,2022-04-28 09:33:00,0,0,0,0,0,0,0,0,0,0,0,0,0,0,0,0,0,0,0,0,0,0,0,0,0,0,0,0,0,0,0,0,0,0,0,0,0,0
93779750,Module 1 Slides-1.pdf,application/pdf,0.6171296744186047,,,https://usu.instructure.com/courses/770651/files/93779750,2023-01-02 21:02:51,1,1,0,0,0,0,0,0,0,0,0,0,0,0,0,0,0,0,0,0,0,0,0,0,0,0,0,0,0,0,0,0,0,0,0,0,0,0
93779767,Module 1 Slides-2.pdf,application/pdf,0.626306478230337,,,https://usu.instructure.com/courses/770651/files/93779767,2023-01-10 10:35:38,1,1,0,0,0,0,0,0,0,0,0,0,0,0,0,0,0,0,0,0,0,0,0,0,0,0,0,0,0,0,0,0,0,0,0,0,0,0
93779602,Module 1 Slides-3.pdf,application/pdf,0.6290302559429997,,,https://usu.instructure.com/courses/770651/files/93779602,2023-08-24 15:25:08,1,1,0,0,0,0,0,0,0,0,0,0,0,0,0,0,0,0,0,0,0,0,0,0,0,0,0,0,0,0,0,0,0,0,0,0,0,0
93779929,Module 1 Slides-4.pdf,application/pdf,0.6294822165529229,,,https://usu.instructure.com/courses/770651/files/93779929,2024-01-05 16:58:39,1,1,0,0,0,0,0,0,0,0,0,0,0,0,0,0,0,0,0,0,0,0,0,0,0,0,0,0,0,0,0,0,0,0,0,0,0,0
93779686,Module 1 Slides.pdf,application/pdf,0.5324295449412827,,,https://usu.instructure.com/courses/770651/files/93779686,2021-04-27 16:39:46,1,1,0,0,0,0,0,0,0,0,0,0,0,0,0,0,0,0,0,0,0,0,0,0,0,0,0,0,0,0,0,0,0,0,0,0,0,0
page:2588896,Module 1 Solution Materials,application/x-page,0.75,,,,2025-01-10 17:51:46,0,0,0,0,0,0,0,0,0,0,0,0,0,0,0,0,1,0,0,0,0,0,0,0,0,0,0,0,0,0,0,0,0,0,0,0,0,0
93779625,Module 10 Extra Practice Problems.pdf,application/pdf,0.5171625,,,https://usu.instructure.com/courses/770651/files/93779625,2021-01-16 03:24:02,1,0,0,0,0,0,0,0,0,0,0,0,0,0,0,0,0,0,0,0,0,0,0,0,0,0,0,0,0,0,0,0,0,0,0,0,0,1
93779723,Module 10 Homework Problems-1.pdf,application/pdf,0.5171625,,,https://usu.instructure.com/courses/770651/files/93779723,2020-03-17 19:49:01,1,0,0,0,0,0,0,0,0,0,0,0,0,0,0,0,0,0,0,0,0,0,0,0,0,0,0,0,0,0,0,0,0,0,0,0,0,1
93779880,Module 10 Homework Problems.pdf,application/pdf,0.981,,,https://usu.instructure.com/courses/770651/files/93779880,2023-04-06 03:07:14,0,0,0,0,0,0,0,0,0,0,0,0,0,0,0,0,0,0,0,0,0,0,0,0,0,0,0,0,0,0,0,0,0,0,0,0,0,1
93779812,Module 10 Homework Solutions.pdf,application/pdf,0.5171625,,,https://usu.instructure.com/courses/770651/files/93779812,2023-04-06 03:12:15,0,0,0,1,0,0,0,0,0,0,0,0,0,0,0,0,0,0,0,0,0,0,0,0,0,0,0,0,0,0,0,0,0,0,0,0,0,1
93779664,Module 10 Slides-1.pdf,application/pdf,0.5216660181818181,,,https://usu.instructure.com/courses/770651/files/93779664,2020-03-11 04:54:39,1,1,0,0,0,0,0,0,0,0,0,0,0,0,0,0,0,0,0,0,0,0,0,0,0,0,0,0,0,0,0,0,0,0,0,0,0,0
93779692,Module 10 Slides.pdf,application/pdf,0.5215383895818048,,,https://usu.instructure.com/courses/770651/files/93779692,2021-05-15 05:19:00,1,1,0,0,0,0,0,0,0,0,0,0,0,0,0,0,0,0,0,0,0,0,0,0,0,0,0,0,0,0,0,0,0,0,0,0,0,0
93779873,Module 10 completed notes.pdf,application/pdf,0.0,,,https://usu.instructure.com/courses/770651/files/93779873,2023-04-10 22:40:36,0,0,0,0,0,0,0,0,0,0,0,0,0,0,0,0,0,0,0,0,0,0,0,0,0,0,0,0,0,0,0,0,0,1,0,0,0,0
93779671,Module 11 Bond Slides.pdf,application/pdf,0.5213086498761353,,,https://usu.instructure.com/courses/770651/files/93779671,2019-06-21 02:52:42,1,1,0,0,0,0,0,0,0,0,0,0,0,0,0,0,0,0,0,0,0,0,0,0,0,0,0,0,0,0,0,0,0,0,0,0,0,0
93779877,Module 11 Completed guided notes.pdf,application/pdf,0.0,,,https://usu.instructure.com/courses/770651/files/93779877,2023-04-20 17:01:29,0,0,0,0,0,0,0,0,0,0,0,0,0,0,0,0,0,0,0,0,0,0,0,0,0,0,0,0,0,0,0,0,0,1,0,0,0,0
93779738,Module 11 Extra Example Problems.pdf,application/pdf,0.981,,,https://usu.instructure.com/courses/770651/files/93779738,2021-05-17 20:43:40,0,0,0,0,0,0,0,0,0,0,0,0,0,0,0,0,0,0,0,0,0,0,0,0,0,0,0,0,0,0,0,0,0,0,0,0,0,1
93779700,Module 11 Homework Problems.pdf,application/pdf,0.981,,,https://usu.instructure.com/courses/770651/files/93779700,2019-06-21 04:48:49,0,0,0,0,0,0,0,0,0,0,0,0,0,0,0,0,0,0,0,0,0,0,0,0,0,0,0,0,0,0,0,0,0,0,0,0,0,1
93779858,Module 11 Homework Problems.pdf,application/pdf,0.981,,,https://usu.instructure.com/courses/770651/files/93779858,2023-04-13 20:00:52,0,0,0,0,0,0,0,0,0,0,0,0,0,0,0,0,0,0,0,0,0,0,0,0,0,0,0,0,0,0,0,0,0,0,0,0,0,1
93779711,Module 11 Homework Solutions.pdf,application/pdf,0.5171625,,,https://usu.instructure.com/courses/770651/files/93779711,2019-06-21 04:46:19,0,0,0,1,0,0,0,0,0,0,0,0,0,0,0,0,0,0,0,0,0,0,0,0,0,0,0,0,0,0,0,0,0,0,0,0,0,1
93779882,Module 11 Homework Solutions.pdf,application/pdf,0.5171625,,,https://usu.instructure.com/courses/770651/files/93779882,2023-04-14 21:16:22,0,0,0,1,0,0,0,0,0,0,0,0,0,0,0,0,0,0,0,0,0,0,0,0,0,0,0,0,0,0,0,0,0,0,0,0,0,1
93779740,Module 11 Stock Slides-1.pdf,application/pdf,0.5121664314962372,,,https://usu.instructure.com/courses/770651/files/93779740,2021-05-17 20:37:16,1,1,0,0,0,0,0,0,0,0,0,0,0,0,0,0,0,0,0,0,0,0,0,0,0,0,0,0,0,0,0,0,0,0,0,0,0,0
93779701,Module 13 Extra Example Problems.pdf,application/pdf,0.981,,,https://usu.instructure.com/courses/770651/files/93779701,2021-01-17 06:43:44,0,0,0,0,0,0,0,0,0,0,0,0,0,0,0,0,0,0,0,0,0,0,0,0,0,0,0,0,0,0,0,0,0,0,0,0,0,1
93779720,Module 13 Homework Problems-1.pdf,application/pdf,0.5171625,,,https://usu.instructure.com/courses/770651/files/93779720,2021-04-30 19:14:37,0,0,0,1,0,0,0,0,0,0,0,0,0,0,0,0,0,0,0,0,0,0,0,0,0,0,0,0,0,0,0,0,0,0,0,0,0,1
93779712,Module 13 Homework Solutions.pdf,application/pdf,0.5171625,,,https://usu.instructure.com/courses/770651/files/93779712,2021-04-30 19:18:09,0,0,0,1,0,0,0,0,0,0,0,0,0,0,0,0,0,0,0,0,0,0,0,0,0,0,0,0,0,0,0,0,0,0,0,0,0,1
93779699,Module 13 Slides.pdf,application/pdf,0.5111637075537074,,,https://usu.instructure.com/courses/770651/files/93779699,2021-04-30 19:13:05,1,1,0,0,0,0,0,0,0,0,0,0,0,0,0,0,0,0,0,0,0,0,0,0,0,0,0,0,0,0,0,0,0,0,0,0,0,0
93779658,Module 2 & 3 Slides.pdf,application/pdf,0.6789025738507255,,,https://usu.instructure.com/courses/770651/files/93779658,2021-04-27 22:47:07,0,1,0,0,0,0,0,0,0,0,0,0,0,0,0,0,0,0,0,0,0,0,0,0,0,0,0,0,0,0,0,0,0,0,0,1,0,0
93779749,Module 2 Example Problems.pdf,application/pdf,0.5171625,,,https://usu.instructure.com/courses/770651/files/93779749,2021-04-27 22:47:48,1,0,0,0,0,0,0,0,0,0,0,0,0,0,0,0,0,0,0,0,0,0,0,0,0,0,0,0,0,0,0,0,0,0,0,0,0,1
quiz:1302434,Module 2 Homework,application/x-quiz,1.0,,,,2023-10-17 21:21:21,0,0,0,0,0,0,0,0,0,0,0,0,0,0,0,0,0,0,0,0,0,0,0,0,0,0,0,0,0,0,0,0,0,0,0,0,0,0
93779702,Module 2 Homework Problems.pdf,application/pdf,0.5171625,,,https://usu.instructure.com/courses/770651/files/93779702,2019-06-19 05:18:25,1,0,0,0,0,0,0,0,0,0,0,0,0,0,0,0,0,0,0,0,0,0,0,0,0,0,0,0,0,0,0,0,0,0,0,0,0,1
93780032,Module 2 Homework Problems.pdf,application/pdf,0.5171625,,,https://usu.instructure.com/courses/770651/files/93780032,2023-08-24 15:27:34,1,0,0,0,0,0,0,0,0,0,0,0,0,0,0,0,0,0,0,0,0,0,0,0,0,0,0,0,0,0,0,0,0,0,0,0,0,1
93779684,Module 2 Homework Solutions.pdf,application/pdf,0.31837499999999996,,,https://usu.instructure.com/courses/770651/files/93779684,2019-06-19 05:14:07,1,0,0,1,0,0,0,0,0,0,0,0,0,0,0,0,0,0,0,0,0,0,0,0,0,0,0,0,0,0,0,0,0,0,0,0,0,1
93779926,Module 2 Homework Solutions.pdf,application/pdf,0.5171625,,,https://usu.instructure.com/courses/770651/files/93779926,2023-08-24 15:36:47,1,0,0,0,0,0,0,0,0,0,0,0,0,0,0,0,0,0,0,0,0,0,0,0,0,0,0,0,0,0,0,0,0,0,0,0,0,1
93779867,Module 2 Jan 24 9.pdf,application/pdf,0.0,,,https://usu.instructure.com/courses/770651/files/93779867,2024-01-24 22:33:02,0,0,0,0,0,0,0,0,0,0,0,0,0,0,0,0,0,0,0,0,0,0,0,0,0,0,0,0,0,0,0,0,0,1,0,0,0,0
93779564,Module 2 Jan 29 9.pdf,application/pdf,0.0,,,https://usu.instructure.com/courses/770651/files/93779564,2024-01-29 22:02:28,0,0,0,0,0,0,0,0,0,0,0,0,0,0,0,0,0,0,0,0,0,0,0,0,0,0,0,0,0,0,0,0,0,1,0,0,0,0
93779942,Module 2 Jan 31 9.pdf,application/pdf,0.0,,,https://usu.instructure.com/courses/770651/files/93779942,2024-01-31 22:33:33,0,0,0,0,0,0,0,0,0,0,0,0,0,0,0,0,0,0,0,0,0,0,0,0,0,0,0,0,0,0,0,0,0,1,0,0,0,0
93779935,Module 2 Notes 9.pdf,application/pdf,0.0,,,https://usu.instructure.com/courses/770651/files/93779935,2024-01-22 22:20:11,0,0,0,0,0,0,0,0,0,0,0,0,0,0,0,0,0,0,0,0,0,0,0,0,0,0,0,0,0,0,0,0,0,1,0,0,0,0
assignment:4705039,Module 2 Quiz,application/x-assignment,1.0,,,,2022-04-28 09:33:00,0,0,0,0,0,0,0,0,0,0,0,0,0,0,0,0,0,0,0,0,0,0,0,0,0,0,0,0,0,0,0,0,0,0,0,0,0,0
page:2588897,Module 2 Solution Materials,application/x-page,0.98,,,,2024-12-28 23:18:25,0,0,0,0,0,0,0,0,0,0,0,0,0,0,0,1,0,0,0,0,0,0,0,0,0,0,0,0,0,0,0,0,0,0,0,0,0,0
93779770,Module 2 guided notes.pdf,application/pdf,0.0,,,https://usu.instructure.com/courses/770651/files/93779770,2023-01-12 19:45:34,0,0,0,0,0,0,0,0,0,0,0,0,0,0,0,0,0,0,0,0,0,0,0,0,0,0,0,0,0,0,0,0,0,1,0,0,0,0
93779777,Module 2 guided notes.pdf,application/pdf,0.0,,,https://usu.instructure.com/courses/770651/files/93779777,2023-01-12 19:45:34,0,0,0,0,0,0,0,0,0,0,0,0,0,0,0,0,0,0,0,0,0,0,0,0,0,0,0,0,0,0,0,0,0,1,0,0,0,0
93779946,Module 3 Feb 5 9.pdf,application/pdf,0.0,,,https://usu.instructure.com/courses/770651/files/93779946,2024-02-05 23:35:16,0,0,0,0,0,0,0,0,0,0,0,0,0,0,0,0,0,0,0,0,0,0,0,0,0,0,0,0,0,0,0,0,0,1,0,0,0,0
93779799,Module 3 Guided Notes Solution Spring 2023.pdf,application/pdf,0.0,,,https://usu.instructure.com/courses/770651/files/93779799,2023-01-30 22:06:01,0,0,0,0,0,0,0,0,0,0,0,0,0,0,0,0,0,0,0,0,0,0,0,0,0,0,0,0,0,0,0,0,0,1,0,0,0,0
93779761,Module 3 Homework Problems-1.pdf,application/pdf,0.5171625,,,https://usu.instructure.com/courses/770651/files/93779761,2023-01-25 22:12:25,1,0,0,0,0,0,0,0,0,0,0,0,0,0,0,0,0,0,0,0,0,0,0,0,0,0,0,0,0,0,0,0,0,0,0,0,0,1
93779790,Module 3 Homework Problems.pdf,application/pdf,0.5171625,,,https://usu.instructure.com/courses/770651/files/93779790,2023-01-07 04:26:10,1,0,0,0,0,0,0,0,0,0,0,0,0,0,0,0,0,0,0,0,0,0,0,0,0,0,0,0,0,0,0,0,0,0,0,0,0,1
93779773,Module 3 Homework Solutions-1.pdf,application/pdf,0.31837499999999996,,,https://usu.instructure.com/courses/770651/files/93779773,2023-01-11 12:11:28,1,0,0,1,0,0,0,0,0,0,0,0,0,0,0,0,0,0,0,0,0,0,0,0,0,0,0,0,0,0,0,0,0,0,0,0,0,1
93779743,Module 3 Homework Solutions.pdf,application/pdf,0.5171625,,,https://usu.instructure.com/courses/770651/files/93779743,2023-01-07 04:26:11,1,0,0,0,0,0,0,0,0,0,0,0,0,0,0,0,0,0,0,0,0,0,0,0,0,0,0,0,0,0,0,0,0,0,0,0,0,1
93779864,Module 3 Notes Feb 12.pdf,application/pdf,0.0,,,https://usu.instructure.com/courses/770651/files/93779864,2024-02-12 22:08:05,0,0,0,0,0,0,0,0,0,0,0,0,0,0,0,0,0,0,0,0,0,0,0,0,0,0,0,0,0,0,0,0,0,1,0,0,0,0
93779956,Module 3 Notes Feb 7 9.pdf,application/pdf,0.0,,,https://usu.instructure.com/courses/770651/files/93779956,2024-02-07 19:06:53,0,0,0,0,0,0,0,0,0,0,0,0,0,0,0,0,0,0,0,0,0,0,0,0,0,0,0,0,0,0,0,0,0,1,0,0,0,0
assignment:4705040,Module 3 Quiz,application/x-assignment,1.0,,,,2022-04-28 09:33:00,0,0,0,0,0,0,0,0,0,0,0,0,0,0,0,0,0,0,0,0,0,0,0,0,0,0,0,0,0,0,0,0,0,0,0,0,0,0
page:2588898,Module 3: Financial Statement Analysis: Source & Use,application/x-page,0.75,,,,2025-02-11 23:22:28,0,0,0,0,0,0,0,0,0,0,0,0,0,0,0,0,1,0,0,0,0,0,0,0,0,0,0,0,0,0,0,0,0,0,0,0,0,0
93779953,Module 4 Completed Notes Feb 14 9.pdf,application/pdf,0.0,,,https://usu.instructure.com/courses/770651/files/93779953,2024-02-15 05:19:25,0,0,0,0,0,0,0,0,0,0,0,0,0,0,0,0,0,0,0,0,0,0,0,0,0,0,0,0,0,0,0,0,0,1,0,0,0,0
quiz:1302429,Module 4 Homework,application/x-quiz,1.0,,,,2023-10-17 21:21:21,0,0,0,0,0,0,0,0,0,0,0,0,0,0,0,0,0,0,0,0,0,0,0,0,0,0,0,0,0,0,0,0,0,0,0,0,0,0
93779932,Module 4 Homework Problems-1.pdf,application/pdf,0.981,,,https://usu.instructure.com/courses/770651/files/93779932,2023-10-02 18:31:56,0,0,0,0,0,0,0,0,0,0,0,0,0,0,0,0,0,0,0,0,0,0,0,0,0,0,0,0,0,0,0,0,0,0,0,0,0,1
93779608,Module 4 Homework Problems.pdf,application/pdf,0.981,,,https://usu.instructure.com/courses/770651/files/93779608,2023-08-24 16:23:52,0,0,0,0,0,0,0,0,0,0,0,0,0,0,0,0,0,0,0,0,0,0,0,0,0,0,0,0,0,0,0,0,0,0,0,0,0,1
93779533,Module 4 Homework Solutions-1.pdf,application/pdf,0.5171625,,,https://usu.instructure.com/courses/770651/files/93779533,2023-10-02 18:32:08,0,0,0,1,0,0,0,0,0,0,0,0,0,0,0,0,0,0,0,0,0,0,0,0,0,0,0,0,0,0,0,0,0,0,0,0,0,1
93779609,Module 4 Homework Solutions.pdf,application/pdf,0.5171625,,,https://usu.instructure.com/courses/770651/files/93779609,2023-08-24 20:41:19,0,0,0,1,0,0,0,0,0,0,0,0,0,0,0,0,0,0,0,0,0,0,0,0,0,0,0,0,0,0,0,0,0,0,0,0,0,1
93779961,Module 4 Notes Feb 21 9.pdf,application/pdf,0.0,,,https://usu.instructure.com/courses/770651/files/93779961,2024-02-21 19:27:18,0,0,0,0,0,0,0,0,0,0,0,0,0,0,0,0,0,0,0,0,0,0,0,0,0,0,0,0,0,0,0,0,0,1,0,0,0,0
93779931,Module 4 Notes Feb 26 9-1.pdf,application/pdf,0.0,,,https://usu.instructure.com/courses/770651/files/93779931,2024-02-27 16:00:52,0,0,0,0,0,0,0,0,0,0,0,0,0,0,0,0,0,0,0,0,0,0,0,0,0,0,0,0,0,0,0,0,0,1,0,0,0,0
93779948,Module 4 Notes Feb 26 9.pdf,application/pdf,0.0,,,https://usu.instructure.com/courses/770651/files/93779948,2024-02-27 16:00:52,0,0,0,0,0,0,0,0,0,0,0,0,0,0,0,0,0,0,0,0,0,0,0,0,0,0,0,0,0,0,0,0,0,1,0,0,0,0
93779964,Module 4 Notes Feb 28 9.pdf,application/pdf,0.0,,,https://usu.instructure.com/courses/770651/files/93779964,2024-02-29 16:21:56,0,0,0,0,0,0,0,0,0,0,0,0,0,0,0,0,0,0,0,0,0,0,0,0,0,0,0,0,0,0,0,0,0,1,0,0,0,0
assignment:4705041,Module 4 Quiz,application/x-assignment,1.0,,,,2022-04-28 09:33:00,0,0,0,0,0,0,0,0,0,0,0,0,0,0,0,0,0,0,0,0,0,0,0,0,0,0,0,0,0,0,0,0,0,0,0,0,0,0
page:2588900,Module 4 Solution Materials,application/x-page,0.98,,,,2025-02-27 19:21:05,0,0,0,0,0,0,0,0,0,0,0,0,0,0,0,1,0,0,0,0,0,0,0,0,0,0,0,0,0,0,0,0,0,0,0,0,0,0
page:2588899,Module 4: Exam I,application/x-page,0.75,,,,2024-12-28 23:18:25,0,0,0,0,0,0,0,0,0,0,0,0,0,0,0,0,1,0,0,0,0,0,0,0,0,0,0,0,0,0,0,0,0,0,0,0,0,0
93779793,Module 5 Guided Notes Solution.pdf,application/pdf,0.0,,,https://usu.instructure.com/courses/770651/files/93779793,2023-03-01 16:33:05,0,0,0,0,0,0,0,0,0,0,0,0,0,0,0,0,0,0,0,0,0,0,0,0,0,0,0,0,0,0,0,0,0,1,0,0,0,0
93779619,Module 5 Homework Problems.pdf,application/pdf,0.31837499999999996,,,https://usu.instructure.com/courses/770651/files/93779619,2021-09-07 14:40:05,1,0,0,1,0,0,0,0,0,0,0,0,0,0,0,0,0,0,0,0,0,0,0,0,0,0,0,0,0,0,0,0,0,0,0,0,0,1
93779792,Module 5 Homework Problems.pdf,application/pdf,0.5171625,,,https://usu.instructure.com/courses/770651/files/93779792,2023-02-09 21:44:51,0,0,0,1,0,0,0,0,0,0,0,0,0,0,0,0,0,0,0,0,0,0,0,0,0,0,0,0,0,0,0,0,0,0,0,0,0,1
93779778,Module 5 Homework Solutions.pdf,application/pdf,0.5171625,,,https://usu.instructure.com/courses/770651/files/93779778,2023-02-09 21:44:16,0,0,0,1,0,0,0,0,0,0,0,0,0,0,0,0,0,0,0,0,0,0,0,0,0,0,0,0,0,0,0,0,0,0,0,0,0,1
93779901,Module 6 Guided Notes Oct 29.pdf,application/pdf,0.0,,,https://usu.instructure.com/courses/770651/files/93779901,2024-10-29 18:19:10,0,0,0,0,0,0,0,0,0,0,0,0,0,0,0,0,0,0,0,0,0,0,0,0,0,0,0,0,0,0,0,0,0,1,0,0,0,0
93779834,Module 6 Guided Notes Solution.pdf,application/pdf,0.0,,,https://usu.instructure.com/courses/770651/files/93779834,2023-03-13 22:37:52,0,0,0,0,0,0,0,0,0,0,0,0,0,0,0,0,0,0,0,0,0,0,0,0,0,0,0,0,0,0,0,0,0,1,0,0,0,0
quiz:1302433,Module 6 Homework,application/x-quiz,1.0,,,,2023-10-17 21:21:21,0,0,0,0,0,0,0,0,0,0,0,0,0,0,0,0,0,0,0,0,0,0,0,0,0,0,0,0,0,0,0,0,0,0,0,0,0,0
93779802,Module 6 Homework Problems-1.pdf,application/pdf,0.5171625,,,https://usu.instructure.com/courses/770651/files/93779802,2023-02-27 19:56:20,1,0,0,0,0,0,0,0,0,0,0,0,0,0,0,0,0,0,0,0,0,0,0,0,0,0,0,0,0,0,0,0,0,0,0,0,0,1
93780063,Module 6 Homework Problems-2.pdf,application/pdf,0.31837499999999996,,,https://usu.instructure.com/courses/770651/files/93780063,2023-10-16 18:58:14,1,0,0,1,0,0,0,0,0,0,0,0,0,0,0,0,0,0,0,0,0,0,0,0,0,0,0,0,0,0,0,0,0,0,0,0,0,1
93779814,Module 6 Homework Problems.pdf,application/pdf,0.5171625,,,https://usu.instructure.com/courses/770651/files/93779814,2023-02-10 17:29:48,1,0,0,0,0,0,0,0,0,0,0,0,0,0,0,0,0,0,0,0,0,0,0,0,0,0,0,0,0,0,0,0,0,0,0,0,0,1
93779706,Module 6 Homework Solutions-1.pdf,application/pdf,0.31837499999999996,,,https://usu.instructure.com/courses/770651/files/93779706,2023-02-27 19:56:46,1,0,0,1,0,0,0,0,0,0,0,0,0,0,0,0,0,0,0,0,0,0,0,0,0,0,0,0,0,0,0,0,0,0,0,0,0,1
93780073,Module 6 Homework Solutions-2.pdf,application/pdf,0.31837499999999996,,,https://usu.instructure.com/courses/770651/files/93780073,2023-10-16 18:59:13,1,0,0,1,0,0,0,0,0,0,0,0,0,0,0,0,0,0,0,0,0,0,0,0,0,0,0,0,0,0,0,0,0,0,0,0,0,1
93779810,Module 6 Homework Solutions.pdf,application/pdf,0.31837499999999996,,,https://usu.instructure.com/courses/770651/files/93779810,2023-02-10 17:31:27,1,0,0,1,0,0,0,0,0,0,0,0,0,0,0,0,0,0,0,0,0,0,0,0,0,0,0,0,0,0,0,0,0,0,0,0,0,1
93779979,Module 6 Notes March 25 9.pdf,application/pdf,0.0,,,https://usu.instructure.com/courses/770651/files/93779979,2024-03-25 21:42:59,0,0,0,0,0,0,0,0,0,0,0,0,0,0,0,0,0,0,0,0,0,0,0,0,0,0,0,0,0,0,0,0,0,1,0,0,0,0
assignment:4705042,Module 6 Quiz,application/x-assignment,1.0,,,,2022-04-28 09:33:00,0,0,0,0,0,0,0,0,0,0,0,0,0,0,0,0,0,0,0,0,0,0,0,0,0,0,0,0,0,0,0,0,0,0,0,0,0,0
93779847,Module 7 Completed Notes.pdf,application/pdf,0.0,,,https://usu.instructure.com/courses/770651/files/93779847,2023-03-21 04:07:37,0,0,0,0,0,0,0,0,0,0,0,0,0,0,0,0,0,0,0,0,0,0,0,0,0,0,0,0,0,0,0,0,0,1,0,0,0,0
quiz:1302430,Module 7 Homework,application/x-quiz,1.0,,,,2023-10-17 21:21:22,0,0,0,0,0,0,0,0,0,0,0,0,0,0,0,0,0,0,0,0,0,0,0,0,0,0,0,0,0,0,0,0,0,0,0,0,0,0
93779850,Module 7 Homework Problems-1.pdf,application/pdf,0.5171625,,,https://usu.instructure.com/courses/770651/files/93779850,2023-03-07 17:44:02,0,0,0,1,0,0,0,0,0,0,0,0,0,0,0,0,0,0,0,0,0,0,0,0,0,0,0,0,0,0,0,0,0,0,0,0,0,1
93779853,Module 7 Homework Problems-2.pdf,application/pdf,0.5171625,,,https://usu.instructure.com/courses/770651/files/93779853,2023-03-07 17:44:02,0,0,0,1,0,0,0,0,0,0,0,0,0,0,0,0,0,0,0,0,0,0,0,0,0,0,0,0,0,0,0,0,0,0,0,0,0,1
93779883,Module 7 Homework Problems-3.pdf,application/pdf,0.981,,,https://usu.instructure.com/courses/770651/files/93779883,2023-08-26 19:01:54,0,0,0,0,0,0,0,0,0,0,0,0,0,0,0,0,0,0,0,0,0,0,0,0,0,0,0,0,0,0,0,0,0,0,0,0,0,1
93779725,Module 7 Homework Problems.pdf,application/pdf,0.5171625,,,https://usu.instructure.com/courses/770651/files/93779725,2019-06-18 19:07:38,0,0,0,1,0,0,0,0,0,0,0,0,0,0,0,0,0,0,0,0,0,0,0,0,0,0,0,0,0,0,0,0,0,0,0,0,0,1
93779811,Module 7 Homework Problems.pdf,application/pdf,0.5171625,,,https://usu.instructure.com/courses/770651/files/93779811,2023-03-07 17:44:02,0,0,0,1,0,0,0,0,0,0,0,0,0,0,0,0,0,0,0,0,0,0,0,0,0,0,0,0,0,0,0,0,0,0,0,0,0,1
93779829,Module 7 Homework Solutions-1.pdf,application/pdf,0.5171625,,,https://usu.instructure.com/courses/770651/files/93779829,2023-03-07 20:39:24,0,0,0,1,0,0,0,0,0,0,0,0,0,0,0,0,0,0,0,0,0,0,0,0,0,0,0,0,0,0,0,0,0,0,0,0,0,1
93779843,Module 7 Homework Solutions-2.pdf,application/pdf,0.5171625,,,https://usu.instructure.com/courses/770651/files/93779843,2023-03-07 20:39:24,0,0,0,1,0,0,0,0,0,0,0,0,0,0,0,0,0,0,0,0,0,0,0,0,0,0,0,0,0,0,0,0,0,0,0,0,0,1
93779863,Module 7 Homework Solutions-3.pdf,application/pdf,0.5266624999999999,,,https://usu.instructure.com/courses/770651/files/93779863,2023-03-22 22:25:04,0,0,0,1,0,0,0,0,0,0,0,0,0,0,0,0,0,0,0,0,0,0,0,0,0,0,0,0,0,0,0,0,0,0,0,0,0,1
93779978,Module 7 Homework Solutions-4.pdf,application/pdf,0.981,,,https://usu.instructure.com/courses/770651/files/93779978,2023-08-26 19:03:29,0,0,0,0,0,0,0,0,0,0,0,0,0,0,0,0,0,0,0,0,0,0,0,0,0,0,0,0,0,0,0,0,0,0,0,0,0,1
93779646,Module 7 Homework Solutions.pdf,application/pdf,0.5171625,,,https://usu.instructure.com/courses/770651/files/93779646,2019-06-19 06:10:38,0,0,0,1,0,0,0,0,0,0,0,0,0,0,0,0,0,0,0,0,0,0,0,0,0,0,0,0,0,0,0,0,0,0,0,0,0,1
93779820,Module 7 Homework Solutions.pdf,application/pdf,0.5171625,,,https://usu.instructure.com/courses/770651/files/93779820,2023-03-07 20:39:24,0,0,0,1,0,0,0,0,0,0,0,0,0,0,0,0,0,0,0,0,0,0,0,0,0,0,0,0,0,0,0,0,0,0,0,0,0,1
assignment:4705043,Module 7 Quiz,application/x-assignment,1.0,,,,2022-04-28 09:33:00,0,0,0,0,0,0,0,0,0,0,0,0,0,0,0,0,0,0,0,0,0,0,0,0,0,0,0,0,0,0,0,0,0,0,0,0,0,0
93779668,"Module 7 Slides, Part 1.pdf",application/pdf,0.5088112392295996,,,https://usu.instructure.com/courses/770651/files/93779668,2019-06-18 19:05:52,1,1,0,0,0,0,0,0,0,0,0,0,0,0,0,0,0,0,0,0,0,0,0,0,0,0,0,0,0,0,0,0,0,0,0,0,0,0
93779654,"Module 7 Slides, Part 2-1.pdf",application/pdf,0.5043931058625839,,,https://usu.instructure.com/courses/770651/files/93779654,2020-02-09 06:45:34,1,1,0,0,0,0,0,0,0,0,0,0,0,0,0,0,0,0,0,0,0,0,0,0,0,0,0,0,0,0,0,0,0,0,0,0,0,0
page:2588901,Module 7 Solution Materials,application/x-page,0.98,,,,2024-12-28 23:17:55,0,0,0,0,0,0,0,0,0,0,0,0,0,0,0,1,0,0,0,0,0,0,0,0,0,0,0,0,0,0,0,0,0,0,0,0,0,0
quiz:1302435,Module 8 Homework,application/x-quiz,1.0,,,,2023-10-17 21:21:21,0,0,0,0,0,0,0,0,0,0,0,0,0,0,0,0,0,0,0,0,0,0,0,0,0,0,0,0,0,0,0,0,0,0,0,0,0,0
93779962,Module 8 Homework Problems-1.pdf,application/pdf,0.981,,,https://usu.instructure.com/courses/770651/files/93779962,2023-11-18 17:36:02,0,0,0,0,0,0,0,0,0,0,0,0,0,0,0,0,0,0,0,0,0,0,0,0,0,0,0,0,0,0,0,0,0,0,0,0,0,1
93779612,Module 8 Homework Problems.pdf,application/pdf,0.981,,,https://usu.instructure.com/courses/770651/files/93779612,2023-08-26 22:14:36,0,0,0,0,0,0,0,0,0,0,0,0,0,0,0,0,0,0,0,0,0,0,0,0,0,0,0,0,0,0,0,0,0,0,0,0,0,1
93780083,Module 8 Homework Solutions-1.pdf,application/pdf,0.5171625,,,https://usu.instructure.com/courses/770651/files/93780083,2023-11-18 17:39:08,0,0,0,1,0,0,0,0,0,0,0,0,0,0,0,0,0,0,0,0,0,0,0,0,0,0,0,0,0,0,0,0,0,0,0,0,0,1
93779540,Module 8 Homework Solutions.pdf,application/pdf,0.981,,,https://usu.instructure.com/courses/770651/files/93779540,2023-08-26 22:12:18,0,0,0,0,0,0,0,0,0,0,0,0,0,0,0,0,0,0,0,0,0,0,0,0,0,0,0,0,0,0,0,0,0,0,0,0,0,1
assignment:4705044,Module 8 Quiz,application/x-assignment,1.0,,,,2022-04-28 09:33:00,0,0,0,0,0,0,0,0,0,0,0,0,0,0,0,0,0,0,0,0,0,0,0,0,0,0,0,0,0,0,0,0,0,0,0,0,0,0
93779680,Module 9 Example Problems-1.pdf,application/pdf,0.5171625,,,https://usu.instructure.com/courses/770651/files/93779680,2021-01-15 04:49:59,1,0,0,0,0,0,0,0,0,0,0,0,0,0,0,0,0,0,0,0,0,0,0,0,0,0,0,0,0,0,0,0,0,0,0,0,0,1
quiz:1302436,Module 9 Homework,application/x-quiz,1.0,,,,2023-10-17 21:21:21,0,0,0,0,0,0,0,0,0,0,0,0,0,0,0,0,0,0,0,0,0,0,0,0,0,0,0,0,0,0,0,0,0,0,0,0,0,0
93779870,Module 9 Homework Problems-1.pdf,application/pdf,0.981,,,https://usu.instructure.com/courses/770651/files/93779870,2023-03-28 17:11:31,0,0,0,0,0,0,0,0,0,0,0,0,0,0,0,0,0,0,0,0,0,0,0,0,0,0,0,0,0,0,0,0,0,0,0,0,0,1
93779571,Module 9 Homework Problems-2.pdf,application/pdf,0.981,,,https://usu.instructure.com/courses/770651/files/93779571,2023-08-26 22:46:08,0,0,0,0,0,0,0,0,0,0,0,0,0,0,0,0,0,0,0,0,0,0,0,0,0,0,0,0,0,0,0,0,0,0,0,0,0,1
93779694,Module 9 Homework Problems.pdf,application/pdf,0.5171625,,,https://usu.instructure.com/courses/770651/files/93779694,2021-01-06 05:41:23,1,0,0,0,0,0,0,0,0,0,0,0,0,0,0,0,0,0,0,0,0,0,0,0,0,0,0,0,0,0,0,0,0,0,0,0,0,1
93780095,Module 9 Homework Solutions-1.pdf,application/pdf,0.981,,,https://usu.instructure.com/courses/770651/files/93780095,2023-08-27 02:42:48,0,0,0,0,0,0,0,0,0,0,0,0,0,0,0,0,0,0,0,0,0,0,0,0,0,0,0,0,0,0,0,0,0,0,0,0,0,1
93779667,Module 9 Homework Solutions.pdf,application/pdf,0.31837499999999996,,,https://usu.instructure.com/courses/770651/files/93779667,2019-06-19 04:17:20,1,0,0,1,0,0,0,0,0,0,0,0,0,0,0,0,0,0,0,0,0,0,0,0,0,0,0,0,0,0,0,0,0,0,0,0,0,1
93779869,Module 9 Homework Solutions.pdf,application/pdf,0.981,,,https://usu.instructure.com/courses/770651/files/93779869,2023-03-28 17:13:58,0,0,0,0,0,0,0,0,0,0,0,0,0,0,0,0,0,0,0,0,0,0,0,0,0,0,0,0,0,0,0,0,0,0,0,0,0,1
assignment:4705045,Module 9 Quiz,application/x-assignment,1.0,,,,2022-04-28 09:33:00,0,0,0,0,0,0,0,0,0,0,0,0,0,0,0,0,0,0,0,0,0,0,0,0,0,0,0,0,0,0,0,0,0,0,0,0,0,0
93779733,Module 9 Slides.pdf,application/pdf,0.48485649923896496,,,https://usu.instructure.com/courses/770651/files/93779733,2021-05-15 05:13:40,1,1,0,0,0,0,0,0,0,0,0,0,0,0,0,0,0,0,0,0,0,0,0,0,0,0,0,0,0,0,0,0,0,0,0,1,0,0
page:2588902,Module Eight Part Two: Solution Materials,application/x-page,0.75,,,,2024-12-28 23:18:25,0,0,0,0,0,0,0,0,0,0,0,0,0,0,0,0,1,0,0,0,0,0,0,0,0,0,0,0,0,0,0,0,0,0,0,0,0,0
page:2588903,"Module Eight: Stock Valuation, Risk and Return",application/x-page,0.75,,,,2024-12-28 23:17:56,0,0,0,0,0,0,0,0,0,0,0,0,0,0,0,0,1,0,0,0,0,0,0,0,0,0,0,0,0,0,0,0,0,0,0,0,0,0
page:2588904,Module Four: Time Value of Money,application/x-page,0.75,,,,2025-02-25 23:16:18,0,0,0,0,0,0,0,0,0,0,0,0,0,0,0,0,1,0,0,0,0,0,0,0,0,0,0,0,0,0,0,0,0,0,0,0,0,0
page:2588906,Module Nine Solution Materials,application/x-page,0.75,,,,2024-12-28 23:18:25,0,0,0,0,0,0,0,0,0,0,0,0,0,0,0,0,1,0,0,0,0,0,0,0,0,0,0,0,0,0,0,0,0,0,0,0,0,0
page:2588905,Module Nine: Proctored Exam II,application/x-page,0.375,,,,2024-12-28 23:17:55,0,0,0,0,0,0,1,0,0,0,0,0,0,0,0,0,1,0,0,0,0,0,0,0,0,0,0,0,0,0,0,0,0,0,0,0,0,0
page:2588907,Module Nine: Weighted Average Cost of Capital,application/x-page,0.7483333333333333,,,,2024-12-28 23:18:26,0,0,0,0,0,0,0,0,0,0,0,0,0,0,0,0,1,0,0,0,1,0,0,0,0,0,0,0,0,0,0,0,0,0,0,0,0,0
page:2588908,Module One: Overview,application/x-page,0.7380952380952381,,,,2025-01-16 23:21:03,0,0,0,0,0,0,0,0,0,0,1,0,0,0,0,0,1,0,0,0,1,0,0,0,0,0,0,0,0,0,0,0,0,0,0,0,0,0
page:2588911,Module Seven Solution Materials,application/x-page,0.98,,,,2024-12-28 23:17:55,0,0,0,0,0,0,0,0,0,0,0,0,0,0,0,1,0,0,0,0,0,0,0,0,0,0,0,0,0,0,0,0,0,0,0,0,0,0
page:2588909,Module Seven: Bond Valuation,application/x-page,0.75,,,,2025-03-27 22:21:58,0,0,0,0,0,0,0,0,0,0,0,0,0,0,0,0,1,0,0,0,0,0,0,0,0,0,0,0,0,0,0,0,0,0,0,0,0,0
page:2588910,Module Seven: Capital Budgeting Part II,application/x-page,0.2475,,,,2024-12-28 23:17:56,0,0,0,0,0,0,1,0,0,0,1,0,0,0,0,0,1,0,0,0,0,0,0,0,0,0,0,0,0,0,0,0,0,0,0,0,0,0
page:2588913,Module Six Solution Materials,application/x-page,0.98,,,,2024-12-28 23:17:55,0,0,0,0,0,0,0,0,0,0,0,0,0,0,0,1,0,0,0,0,0,0,0,0,0,0,0,0,0,0,0,0,0,0,0,0,0,0
page:2588912,Module Six: Capital Budgeting,application/x-page,0.75,,,,2025-03-20 22:18:15,0,0,0,0,0,0,0,0,0,0,0,0,0,0,0,0,1,0,0,0,0,0,0,0,0,0,0,0,0,0,0,0,0,0,0,0,0,0
page:2588914,"Module Ten: Stock Valuation, Risk and Return",application/x-page,1.0,,,,2025-02-04 12:19:56,0,0,0,0,0,0,0,0,0,0,0,0,0,0,0,0,0,0,0,0,0,0,0,0,0,0,0,0,0,0,0,0,0,0,0,0,0,0
page:2588915,Module Thirteen: Exam III,application/x-page,0.25,,,,2024-12-28 23:17:55,0,0,0,0,0,0,1,0,0,0,0,0,0,0,0,0,1,0,0,0,0,0,0,0,0,0,0,0,0,0,0,0,0,0,0,0,0,0
page:2588916,Module Three: Solution Materials,application/x-page,0.75,,,,2025-02-27 19:19:38,0,0,0,0,0,0,0,0,0,0,0,0,0,0,0,0,1,0,0,0,0,0,0,0,0,0,0,0,0,0,0,0,0,0,0,0,0,0
page:2588917,Module Two: Financial Statement Analysis: Ratios,application/x-page,0.7466666666666667,,,,2025-01-30 23:23:02,0,0,0,0,0,0,0,0,0,0,0,0,0,0,0,0,1,0,0,0,1,0,0,0,0,0,0,0,0,0,0,0,0,0,0,0,0,0
93779639,Module-1-Guided-Notes-1.pdf,application/pdf,0.069,,,https://usu.instructure.com/courses/770651/files/93779639,2023-09-06 15:37:09,0,0,0,0,0,0,0,0,0,0,0,0,0,0,0,0,0,0,0,0,0,0,0,0,0,0,0,0,0,0,1,0,0,0,0,0,1,0
93780005,Module-1-Guided-Notes-2.pdf,application/pdf,0.069,,,https://usu.instructure.com/courses/770651/files/93780005,2023-09-06 15:37:09,0,0,0,0,0,0,0,0,0,0,0,0,0,0,0,0,0,0,0,0,0,0,0,0,0,0,0,0,0,0,1,0,0,0,0,0,1,0
93779562,Module-1-Guided-Notes-3.pdf,application/pdf,0.069,,,https://usu.instructure.com/courses/770651/files/93779562,2024-11-26 21:00:11,0,0,0,0,0,0,0,0,0,0,0,0,0,0,0,0,0,0,0,0,0,0,0,0,0,0,0,0,0,0,1,0,0,0,0,0,1,0
93779598,Module-1-Guided-Notes.pdf,application/pdf,0.069,,,https://usu.instructure.com/courses/770651/files/93779598,2023-08-24 04:19:44,0,0,0,0,0,0,0,0,0,0,0,0,0,0,0,0,0,0,0,0,0,0,0,0,0,0,0,0,0,0,1,0,0,0,0,0,1,0
93779841,Module-10-Guided-Notes.pdf,application/pdf,0.069,,,https://usu.instructure.com/courses/770651/files/93779841,2023-04-04 23:30:54,0,0,0,0,0,0,0,0,0,0,0,0,0,0,0,0,0,0,0,0,0,0,0,0,0,0,0,0,0,0,1,0,0,0,0,0,1,0
93779872,Module-11-Guided-Notes-1.pdf,application/pdf,0.069,,,https://usu.instructure.com/courses/770651/files/93779872,2023-04-12 15:10:01,0,0,0,0,0,0,0,0,0,0,0,0,0,0,0,0,0,0,0,0,0,0,0,0,0,0,0,0,0,0,1,0,0,0,0,0,1,0
93779881,Module-11-Guided-Notes.pdf,application/pdf,0.069,,,https://usu.instructure.com/courses/770651/files/93779881,2023-04-12 03:51:46,0,0,0,0,0,0,0,0,0,0,0,0,0,0,0,0,0,0,0,0,0,0,0,0,0,0,0,0,0,0,1,0,0,0,0,0,1,0
93779904,Module-2-Guided-Notes-1.pdf,application/pdf,0.069,,,https://usu.instructure.com/courses/770651/files/93779904,2023-08-24 15:26:50,0,0,0,0,0,0,0,0,0,0,0,0,0,0,0,0,0,0,0,0,0,0,0,0,0,0,0,0,0,0,1,0,0,0,0,0,1,0
93780013,Module-2-Guided-Notes-2-1.pdf,application/pdf,0.069,,,https://usu.instructure.com/courses/770651/files/93780013,2024-05-22 01:00:51,0,0,0,0,0,0,0,0,0,0,0,0,0,0,0,0,0,0,0,0,0,0,0,0,0,0,0,0,0,0,1,0,0,0,0,0,1,0
93779941,Module-2-Guided-Notes-2.pdf,application/pdf,0.069,,,https://usu.instructure.com/courses/770651/files/93779941,2023-11-08 20:01:50,0,0,0,0,0,0,0,0,0,0,0,0,0,0,0,0,0,0,0,0,0,0,0,0,0,0,0,0,0,0,1,0,0,0,0,0,1,0
93779731,Module-2-Guided-Notes.pdf,application/pdf,0.069,,,https://usu.instructure.com/courses/770651/files/93779731,2023-01-05 15:43:18,0,0,0,0,0,0,0,0,0,0,0,0,0,0,0,0,0,0,0,0,0,0,0,0,0,0,0,0,0,0,1,0,0,0,0,0,1,0
93780018,Module-3-Guided-Notes-1.pdf,application/pdf,0.069,,,https://usu.instructure.com/courses/770651/files/93780018,2023-08-24 15:49:26,0,0,0,0,0,0,0,0,0,0,0,0,0,0,0,0,0,0,0,0,0,0,0,0,0,0,0,0,0,0,1,0,0,0,0,0,1,0
93779752,Module-3-Guided-Notes.pdf,application/pdf,0.069,,,https://usu.instructure.com/courses/770651/files/93779752,2023-01-17 04:00:24,0,0,0,0,0,0,0,0,0,0,0,0,0,0,0,0,0,0,0,0,0,0,0,0,0,0,0,0,0,0,1,0,0,0,0,0,1,0
93779655,Module-4-Guided-Notes-1.pdf,application/pdf,0.069,,,https://usu.instructure.com/courses/770651/files/93779655,2023-10-02 18:24:22,0,0,0,0,0,0,0,0,0,0,0,0,0,0,0,0,0,0,0,0,0,0,0,0,0,0,0,0,0,0,1,0,0,0,0,0,1,0
93779879,Module-4-Guided-Notes-2.pdf,application/pdf,0.069,,,https://usu.instructure.com/courses/770651/files/93779879,2023-10-11 18:19:08,0,0,0,0,0,0,0,0,0,0,0,0,0,0,0,0,0,0,0,0,0,0,0,0,0,0,0,0,0,0,1,0,0,0,0,0,1,0
93779534,Module-4-Guided-Notes-3.pdf,application/pdf,0.069,,,https://usu.instructure.com/courses/770651/files/93779534,2023-10-18 18:54:11,0,0,0,0,0,0,0,0,0,0,0,0,0,0,0,0,0,0,0,0,0,0,0,0,0,0,0,0,0,0,1,0,0,0,0,0,1,0
93780026,Module-4-Guided-Notes-4.pdf,application/pdf,0.069,,,https://usu.instructure.com/courses/770651/files/93780026,2024-05-22 03:47:04,0,0,0,0,0,0,0,0,0,0,0,0,0,0,0,0,0,0,0,0,0,0,0,0,0,0,0,0,0,0,1,0,0,0,0,0,1,0
93779561,Module-4-Guided-Notes-5.pdf,application/pdf,0.069,,,https://usu.instructure.com/courses/770651/files/93779561,2024-11-26 21:00:45,0,0,0,0,0,0,0,0,0,0,0,0,0,0,0,0,0,0,0,0,0,0,0,0,0,0,0,0,0,0,1,0,0,0,0,0,1,0
93779606,Module-4-Guided-Notes.pdf,application/pdf,0.069,,,https://usu.instructure.com/courses/770651/files/93779606,2023-08-24 16:10:46,0,0,0,0,0,0,0,0,0,0,0,0,0,0,0,0,0,0,0,0,0,0,0,0,0,0,0,0,0,0,1,0,0,0,0,0,1,0
93779714,Module-5-Guided-Notes-1.pdf,application/pdf,0.069,,,https://usu.instructure.com/courses/770651/files/93779714,2023-02-15 18:57:50,0,0,0,0,0,0,0,0,0,0,0,0,0,0,0,0,0,0,0,0,0,0,0,0,0,0,0,0,0,0,1,0,0,0,0,0,1,0
93779815,Module-5-Guided-Notes.pdf,application/pdf,0.069,,,https://usu.instructure.com/courses/770651/files/93779815,2023-02-09 21:51:07,0,0,0,0,0,0,0,0,0,0,0,0,0,0,0,0,0,0,0,0,0,0,0,0,0,0,0,0,0,0,1,0,0,0,0,0,1,0
93779801,Module-6-Guided-Notes-1.pdf,application/pdf,0.069,,,https://usu.instructure.com/courses/770651/files/93779801,2023-02-24 18:26:53,0,0,0,0,0,0,0,0,0,0,0,0,0,0,0,0,0,0,0,0,0,0,0,0,0,0,0,0,0,0,1,0,0,0,0,0,1,0
93779894,Module-6-Guided-Notes-2.pdf,application/pdf,0.069,,,https://usu.instructure.com/courses/770651/files/93779894,2023-10-18 18:53:02,0,0,0,0,0,0,0,0,0,0,0,0,0,0,0,0,0,0,0,0,0,0,0,0,0,0,0,0,0,0,1,0,0,0,0,0,1,0
93779919,Module-6-Guided-Notes-3.pdf,application/pdf,0.069,,,https://usu.instructure.com/courses/770651/files/93779919,2023-10-27 03:41:32,0,0,0,0,0,0,0,0,0,0,0,0,0,0,0,0,0,0,0,0,0,0,0,0,0,0,0,0,0,0,1,0,0,0,0,0,1,0
93780002,Module-6-Guided-Notes-4.pdf,application/pdf,0.069,,,https://usu.instructure.com/courses/770651/files/93780002,2024-05-22 03:48:55,0,0,0,0,0,0,0,0,0,0,0,0,0,0,0,0,0,0,0,0,0,0,0,0,0,0,0,0,0,0,1,0,0,0,0,0,1,0
93779563,Module-6-Guided-Notes-5.pdf,application/pdf,0.069,,,https://usu.instructure.com/courses/770651/files/93779563,2024-11-26 21:08:55,0,0,0,0,0,0,0,0,0,0,0,0,0,0,0,0,0,0,0,0,0,0,0,0,0,0,0,0,0,0,1,0,0,0,0,0,1,0
94597203,Module-6-Guided-Notes-6.pdf,application/pdf,0.069,,,https://usu.instructure.com/courses/770651/files/94597203,2025-03-04 03:51:28,0,0,0,0,0,0,0,0,0,0,0,0,0,0,0,0,0,0,0,0,0,0,0,0,0,0,0,0,0,0,1,0,0,0,0,0,1,0
93779797,Module-6-Guided-Notes.pdf,application/pdf,0.069,,,https://usu.instructure.com/courses/770651/files/93779797,2023-02-16 23:25:15,0,0,0,0,0,0,0,0,0,0,0,0,0,0,0,0,0,0,0,0,0,0,0,0,0,0,0,0,0,0,1,0,0,0,0,0,1,0
93779624,Module-7-Guided-Notes-1.pdf,application/pdf,0.069,,,https://usu.instructure.com/courses/770651/files/93779624,2023-08-26 19:01:17,0,0,0,0,0,0,0,0,0,0,0,0,0,0,0,0,0,0,0,0,0,0,0,0,0,0,0,0,0,0,1,0,0,0,0,0,1,0
93779622,Module-7-Guided-Notes-2.pdf,application/pdf,0.069,,,https://usu.instructure.com/courses/770651/files/93779622,2023-08-26 19:11:28,0,0,0,0,0,0,0,0,0,0,0,0,0,0,0,0,0,0,0,0,0,0,0,0,0,0,0,0,0,0,1,0,0,0,0,0,1,0
93779898,Module-7-Guided-Notes-3.pdf,application/pdf,0.069,,,https://usu.instructure.com/courses/770651/files/93779898,2023-07-22 22:27:52,0,0,0,0,0,0,0,0,0,0,0,0,0,0,0,0,0,0,0,0,0,0,0,0,0,0,0,0,0,0,1,0,0,0,0,0,1,0
93779908,Module-7-Guided-Notes-4.pdf,application/pdf,0.069,,,https://usu.instructure.com/courses/770651/files/93779908,2023-08-26 19:11:28,0,0,0,0,0,0,0,0,0,0,0,0,0,0,0,0,0,0,0,0,0,0,0,0,0,0,0,0,0,0,1,0,0,0,0,0,1,0
93779959,Module-7-Guided-Notes-5.pdf,application/pdf,0.069,,,https://usu.instructure.com/courses/770651/files/93779959,2023-11-07 20:17:44,0,0,0,0,0,0,0,0,0,0,0,0,0,0,0,0,0,0,0,0,0,0,0,0,0,0,0,0,0,0,1,0,0,0,0,0,1,0
93779989,Module-7-Guided-Notes-6.pdf,application/pdf,0.069,,,https://usu.instructure.com/courses/770651/files/93779989,2024-05-22 03:51:20,0,0,0,0,0,0,0,0,0,0,0,0,0,0,0,0,0,0,0,0,0,0,0,0,0,0,0,0,0,0,1,0,0,0,0,0,1,0
93779798,Module-7-Guided-Notes.pdf,application/pdf,0.069,,,https://usu.instructure.com/courses/770651/files/93779798,2023-03-08 18:09:05,0,0,0,0,0,0,0,0,0,0,0,0,0,0,0,0,0,0,0,0,0,0,0,0,0,0,0,0,0,0,1,0,0,0,0,0,1,0
93779909,Module-8-Guided-Notes-1.pdf,application/pdf,0.069,,,https://usu.instructure.com/courses/770651/files/93779909,2023-11-08 20:33:54,0,0,0,0,0,0,0,0,0,0,0,0,0,0,0,0,0,0,0,0,0,0,0,0,0,0,0,0,0,0,1,0,0,0,0,0,1,0
93779920,Module-8-Guided-Notes-2.pdf,application/pdf,0.069,,,https://usu.instructure.com/courses/770651/files/93779920,2023-11-14 05:07:13,0,0,0,0,0,0,0,0,0,0,0,0,0,0,0,0,0,0,0,0,0,0,0,0,0,0,0,0,0,0,1,0,0,0,0,0,1,0
93779985,Module-8-Guided-Notes-3.pdf,application/pdf,0.069,,,https://usu.instructure.com/courses/770651/files/93779985,2023-11-21 16:21:05,0,0,0,0,0,0,0,0,0,0,0,0,0,0,0,0,0,0,0,0,0,0,0,0,0,0,0,0,0,0,1,0,0,0,0,0,1,0
93780003,Module-8-Guided-Notes-4.pdf,application/pdf,0.069,,,https://usu.instructure.com/courses/770651/files/93780003,2024-05-22 03:52:44,0,0,0,0,0,0,0,0,0,0,0,0,0,0,0,0,0,0,0,0,0,0,0,0,0,0,0,0,0,0,1,0,0,0,0,0,1,0
93779824,Module-8-Guided-Notes-5.pdf,application/pdf,0.069,,,https://usu.instructure.com/courses/770651/files/93779824,2024-11-26 21:10:12,0,0,0,0,0,0,0,0,0,0,0,0,0,0,0,0,0,0,0,0,0,0,0,0,0,0,0,0,0,0,1,0,0,0,0,0,1,0
93779582,Module-8-Guided-Notes.pdf,application/pdf,0.069,,,https://usu.instructure.com/courses/770651/files/93779582,2023-08-26 22:14:12,0,0,0,0,0,0,0,0,0,0,0,0,0,0,0,0,0,0,0,0,0,0,0,0,0,0,0,0,0,0,1,0,0,0,0,0,1,0
93779627,Module-9-Guided-Notes-1.pdf,application/pdf,0.069,,,https://usu.instructure.com/courses/770651/files/93779627,2023-08-26 22:44:27,0,0,0,0,0,0,0,0,0,0,0,0,0,0,0,0,0,0,0,0,0,0,0,0,0,0,0,0,0,0,1,0,0,0,0,0,1,0
93779569,Module-9-Guided-Notes-2.pdf,application/pdf,0.069,,,https://usu.instructure.com/courses/770651/files/93779569,2023-11-21 16:23:49,0,0,0,0,0,0,0,0,0,0,0,0,0,0,0,0,0,0,0,0,0,0,0,0,0,0,0,0,0,0,1,0,0,0,0,0,1,0
93779997,Module-9-Guided-Notes-3.pdf,application/pdf,0.069,,,https://usu.instructure.com/courses/770651/files/93779997,2023-11-29 15:34:36,0,0,0,0,0,0,0,0,0,0,0,0,0,0,0,0,0,0,0,0,0,0,0,0,0,0,0,0,0,0,1,0,0,0,0,0,1,0
93780084,Module-9-Guided-Notes-4-1.pdf,application/pdf,0.069,,,https://usu.instructure.com/courses/770651/files/93780084,2024-05-22 03:53:39,0,0,0,0,0,0,0,0,0,0,0,0,0,0,0,0,0,0,0,0,0,0,0,0,0,0,0,0,0,0,1,0,0,0,0,0,1,0
93780088,Module-9-Guided-Notes-4.pdf,application/pdf,0.069,,,https://usu.instructure.com/courses/770651/files/93780088,2024-05-22 03:53:39,0,0,0,0,0,0,0,0,0,0,0,0,0,0,0,0,0,0,0,0,0,0,0,0,0,0,0,0,0,0,1,0,0,0,0,0,1,0
93780093,Module-9-Guided-Notes-5.pdf,application/pdf,0.069,,,https://usu.instructure.com/courses/770651/files/93780093,2024-11-26 21:10:54,0,0,0,0,0,0,0,0,0,0,0,0,0,0,0,0,0,0,0,0,0,0,0,0,0,0,0,0,0,0,1,0,0,0,0,0,1,0
93780082,Module-9-Guided-Notes-6.pdf,application/pdf,0.069,,,https://usu.instructure.com/courses/770651/files/93780082,2024-12-04 16:29:20,0,0,0,0,0,0,0,0,0,0,0,0,0,0,0,0,0,0,0,0,0,0,0,0,0,0,0,0,0,0,1,0,0,0,0,0,1,0
93779852,Module-9-Guided-Notes.pdf,application/pdf,0.069,,,https://usu.instructure.com/courses/770651/files/93779852,2023-03-28 17:11:09,0,0,0,0,0,0,0,0,0,0,0,0,0,0,0,0,0,0,0,0,0,0,0,0,0,0,0,0,0,0,1,0,0,0,0,0,1,0
93780091,Nov 12 Module 8 Guided Notes.pdf,application/pdf,0.069,,,https://usu.instructure.com/courses/770651/files/93780091,2024-11-12 17:15:23,0,0,0,0,0,0,0,0,0,0,0,0,0,0,0,0,0,0,0,0,0,0,0,0,0,0,0,0,0,0,1,0,0,0,0,0,1,0
93779557,Nov 14 Module 8 Guided Notes.pdf,application/pdf,0.069,,,https://usu.instructure.com/courses/770651/files/93779557,2024-11-14 17:41:49,0,0,0,0,0,0,0,0,0,0,0,0,0,0,0,0,0,0,0,0,0,0,0,0,0,0,0,0,0,0,1,0,0,0,0,0,1,0
93780085,Nov 19 Module 8 Guided Notes.pdf,application/pdf,0.069,,,https://usu.instructure.com/courses/770651/files/93780085,2024-11-19 17:20:26,0,0,0,0,0,0,0,0,0,0,0,0,0,0,0,0,0,0,0,0,0,0,0,0,0,0,0,0,0,0,1,0,0,0,0,0,1,0
93779560,Nov 19 Module 9 Guided Notes.pdf,application/pdf,0.069,,,https://usu.instructure.com/courses/770651/files/93779560,2024-11-19 17:22:00,0,0,0,0,0,0,0,0,0,0,0,0,0,0,0,0,0,0,0,0,0,0,0,0,0,0,0,0,0,0,1,0,0,0,0,0,1,0
93780066,Nov 5 Module 7 Guided Notes.pdf,application/pdf,0.0,,,https://usu.instructure.com/courses/770651/files/93780066,2024-11-05 17:27:35,0,0,0,0,0,0,0,0,0,0,0,0,0,0,0,0,0,0,0,0,0,0,0,0,0,0,0,0,0,0,0,0,0,1,0,0,0,0
93779550,Nov 7 Module 7 Guided Notes.pdf,application/pdf,0.0,,,https://usu.instructure.com/courses/770651/files/93779550,2024-11-07 17:28:23,0,0,0,0,0,0,0,0,0,0,0,0,0,0,0,0,0,0,0,0,0,0,0,0,0,0,0,0,0,0,0,0,0,1,0,0,0,0
93780012,Nov 7 Module-8-Guided-Notes.pdf,application/pdf,0.069,,,https://usu.instructure.com/courses/770651/files/93780012,2024-11-07 17:28:15,0,0,0,0,0,0,0,0,0,0,0,0,0,0,0,0,0,0,0,0,0,0,0,0,0,0,0,0,0,0,1,0,0,0,0,0,1,0
93780045,Oct 1 Module 4 Guided Notes.pdf,application/pdf,0.069,,,https://usu.instructure.com/courses/770651/files/93780045,2024-10-01 16:23:47,0,0,0,0,0,0,0,0,0,0,0,0,0,0,0,0,0,0,0,0,0,0,0,0,0,0,0,0,0,0,1,0,0,0,0,0,1,0
93779551,Oct 10 Module 4 Guided Notes.pdf,application/pdf,0.069,,,https://usu.instructure.com/courses/770651/files/93779551,2024-10-10 16:32:25,0,0,0,0,0,0,0,0,0,0,0,0,0,0,0,0,0,0,0,0,0,0,0,0,0,0,0,0,0,0,1,0,0,0,0,0,1,0
93780057,Oct 22 Module 6 Guided Notes.pdf,application/pdf,0.069,,,https://usu.instructure.com/courses/770651/files/93780057,2024-10-22 17:48:35,0,0,0,0,0,0,0,0,0,0,0,0,0,0,0,0,0,0,0,0,0,0,0,0,0,0,0,0,0,0,1,0,0,0,0,0,1,0
93780027,Oct 3 Module 4 Guided Notes.pdf,application/pdf,0.069,,,https://usu.instructure.com/courses/770651/files/93780027,2024-10-03 17:48:35,0,0,0,0,0,0,0,0,0,0,0,0,0,0,0,0,0,0,0,0,0,0,0,0,0,0,0,0,0,0,1,0,0,0,0,0,1,0
93780011,Oct 31 Module 6 Guided Notes.pdf,application/pdf,0.0,,,https://usu.instructure.com/courses/770651/files/93780011,2024-10-31 18:07:36,0,0,0,0,0,0,0,0,0,0,0,0,0,0,0,0,0,0,0,0,0,0,0,0,0,0,0,0,0,0,0,0,0,1,0,0,0,0
93780060,Oct 31 Module 7 Guided Notes.pdf,application/pdf,0.0,,,https://usu.instructure.com/courses/770651/files/93780060,2024-10-31 18:07:47,0,0,0,0,0,0,0,0,0,0,0,0,0,0,0,0,0,0,0,0,0,0,0,0,0,0,0,0,0,0,0,0,0,1,0,0,0,0
93779665,Oct 5 FIN 3200 Module 4 9.pdf,application/pdf,0.0,,,https://usu.instructure.com/courses/770651/files/93779665,2023-10-06 04:18:50,0,0,0,0,0,0,0,0,0,0,0,0,0,0,0,0,0,0,0,0,0,0,0,0,0,0,0,0,0,0,0,0,0,1,0,0,0,0
93779650,Oct 5 Fin 3200 9 Module 3.pdf,application/pdf,0.0,,,https://usu.instructure.com/courses/770651/files/93779650,2023-10-06 04:16:20,0,0,0,0,0,0,0,0,0,0,0,0,0,0,0,0,0,0,0,0,0,0,0,0,0,0,0,0,0,0,0,0,0,1,0,0,0,0
93780010,Oct 8 Module 4 Guided Notes.pdf,application/pdf,0.069,,,https://usu.instructure.com/courses/770651/files/93780010,2024-10-08 16:28:51,0,0,0,0,0,0,0,0,0,0,0,0,0,0,0,0,0,0,0,0,0,0,0,0,0,0,0,0,0,0,1,0,0,0,0,0,1,0
announcement:3157246,Office Hours Cancelled Today,application/x-announcement,1.0,,,,2025-02-13 19:07:13,0,0,0,0,0,0,0,0,0,0,0,0,0,0,0,0,0,0,0,0,0,0,0,0,0,0,0,0,0,0,0,0,0,0,0,0,0,0
93779573,Personal Photo-5.PNG,image/png,1.0,,,https://usu.instructure.com/courses/770651/files/93779573,2018-06-20 20:30:35,0,0,0,0,0,0,0,0,0,0,0,0,0,0,0,0,0,0,0,0,0,0,0,0,0,0,0,0,0,0,0,0,0,0,0,0,0,0
93779774,Phillipe Corp IS.jpg,image/jpeg,0.25,,,https://usu.instructure.com/courses/770651/files/93779774,2023-01-11 12:11:27,0,0,0,0,0,0,0,0,0,0,0,0,0,0,0,0,0,0,0,0,0,0,0,0,0,1,1,0,0,0,0,0,0,0,0,0,0,0
announcement:3165515,Pickleball Serve & Solve,application/x-announcement,1.0,,,,2025-02-28 23:22:37,0,0,0,0,0,0,0,0,0,0,0,0,0,0,0,0,0,0,0,0,0,0,0,0,0,0,0,0,0,0,0,0,0,0,0,0,0,0
94566572,PickleballCaseCompetitionSlideNew.pdf,application/pdf,0.2650441038812785,,,https://usu.instructure.com/courses/770651/files/94566572,2025-02-27 03:04:49,1,1,0,0,0,1,0,0,0,0,0,0,0,0,0,0,0,0,0,0,0,0,0,0,0,0,0,0,0,0,0,0,0,0,0,0,0,0
93779794,Problem 6.jpg,image/jpeg,0.25,,,https://usu.instructure.com/courses/770651/files/93779794,2023-03-06 23:28:55,0,0,0,0,0,0,0,0,0,0,0,0,0,0,0,0,0,0,0,0,0,0,0,0,0,1,1,0,0,0,0,0,0,0,0,0,0,0
quiz:1302431,Proctored Exam I,application/x-quiz,1.0,,,,2023-10-17 21:21:22,0,0,0,0,0,0,0,0,0,0,0,0,0,0,0,0,0,0,0,0,0,0,0,0,0,0,0,0,0,0,0,0,0,0,0,0,0,0
quiz:1302432,Proctored Exam II,application/x-quiz,1.0,,,,2024-12-28 23:17:55,0,0,0,0,0,0,0,0,0,0,0,0,0,0,0,0,0,0,0,0,0,0,0,0,0,0,0,0,0,0,0,0,0,0,0,0,0,0
assignment:4705046,Professional Development and Networking,application/x-assignment,1.0,,,,2023-10-17 21:21:21,0,0,0,0,0,0,0,0,0,0,0,0,0,0,0,0,0,0,0,0,0,0,0,0,0,0,0,0,0,0,0,0,0,0,0,0,0,0
93779807,Professional Etiquette Flyer .png,image/png,0.25,,,https://usu.instructure.com/courses/770651/files/93779807,2023-02-06 22:06:40,0,0,0,0,0,0,0,0,0,0,0,0,0,0,0,0,0,0,0,0,0,0,0,0,0,1,1,0,0,0,0,0,0,0,0,0,0,0
93779746,Professional Headshot.jpg,image/jpeg,0.25,,,https://usu.instructure.com/courses/770651/files/93779746,2022-12-13 18:41:03,0,0,0,0,0,0,0,0,0,0,0,0,0,0,0,0,0,0,0,0,0,0,0,0,0,1,1,0,0,0,0,0,0,0,0,0,0,0
93779839,Q20 Version A.jpg,image/jpeg,0.25,,,https://usu.instructure.com/courses/770651/files/93779839,2023-03-14 20:04:56,0,0,0,0,0,0,0,0,0,0,0,0,0,0,0,0,0,0,0,0,0,0,0,0,0,1,1,0,0,0,0,0,0,0,0,0,0,0
93779539,Q20 Version B.jpg,image/jpeg,0.25,,,https://usu.instructure.com/courses/770651/files/93779539,2023-03-14 20:06:22,0,0,0,0,0,0,0,0,0,0,0,0,0,0,0,0,0,0,0,0,0,0,0,0,0,1,1,0,0,0,0,0,0,0,0,0,0,0
93779842,Q20 Version C.jpg,image/jpeg,0.25,,,https://usu.instructure.com/courses/770651/files/93779842,2023-03-15 00:24:41,0,0,0,0,0,0,0,0,0,0,0,0,0,0,0,0,0,0,0,0,0,0,0,0,0,1,1,0,0,0,0,0,0,0,0,0,0,0
93779845,Q24 BS.jpg,image/jpeg,0.25,,,https://usu.instructure.com/courses/770651/files/93779845,2023-03-14 23:31:12,0,0,0,0,0,0,0,0,0,0,0,0,0,0,0,0,0,0,0,0,0,0,0,0,0,1,1,0,0,0,0,0,0,0,0,0,0,0
93779844,Q24 IS.jpg,image/jpeg,0.25,,,https://usu.instructure.com/courses/770651/files/93779844,2023-03-14 23:31:33,0,0,0,0,0,0,0,0,0,0,0,0,0,0,0,0,0,0,0,0,0,0,0,0,0,1,1,0,0,0,0,0,0,0,0,0,0,0
93780028,SDMT Summit Flyer.pdf,application/pdf,0.5016020995145631,,,https://usu.instructure.com/courses/770651/files/93780028,2024-09-09 18:05:01,1,1,0,0,1,0,0,0,0,0,0,0,0,0,0,0,0,0,0,0,0,0,0,0,0,0,0,0,0,0,0,0,0,0,0,0,0,0
93779817,Scott Investors FCF.jpg,image/jpeg,0.25,,,https://usu.instructure.com/courses/770651/files/93779817,2023-04-13 20:09:00,0,0,0,0,0,0,0,0,0,0,0,0,0,0,0,0,0,0,0,0,0,0,0,0,0,1,1,0,0,0,0,0,0,0,0,0,0,0
93780033,Sep 10 Mod 2 Guided Notes.pdf,application/pdf,0.069,,,https://usu.instructure.com/courses/770651/files/93780033,2024-09-10 16:18:23,0,0,0,0,0,0,0,0,0,0,0,0,0,0,0,0,0,0,0,0,0,0,0,0,0,0,0,0,0,0,1,0,0,0,0,0,1,0
93779610,Sep 12 FIN 3200 9.pdf,application/pdf,0.0,,,https://usu.instructure.com/courses/770651/files/93779610,2023-09-12 19:08:00,0,0,0,0,0,0,0,0,0,0,0,0,0,0,0,0,0,0,0,0,0,0,0,0,0,0,0,0,0,0,0,0,0,1,0,0,0,0
93780042,Sep 12 Mod 2 Guided Notes.pdf,application/pdf,0.069,,,https://usu.instructure.com/courses/770651/files/93780042,2024-09-12 16:17:39,0,0,0,0,0,0,0,0,0,0,0,0,0,0,0,0,0,0,0,0,0,0,0,0,0,0,0,0,0,0,1,0,0,0,0,0,1,0
93779645,Sep 14 FIN 3200 9.pdf,application/pdf,0.0,,,https://usu.instructure.com/courses/770651/files/93779645,2023-09-14 18:58:23,0,0,0,0,0,0,0,0,0,0,0,0,0,0,0,0,0,0,0,0,0,0,0,0,0,0,0,0,0,0,0,0,0,1,0,0,0,0
93779554,Sep 17 Mod 2 Guided Notes.pdf,application/pdf,0.069,,,https://usu.instructure.com/courses/770651/files/93779554,2024-09-17 16:36:47,0,0,0,0,0,0,0,0,0,0,0,0,0,0,0,0,0,0,0,0,0,0,0,0,0,0,0,0,0,0,1,0,0,0,0,0,1,0
93780034,Sep 19 Module-3-Guided-Notes.pdf,application/pdf,0.069,,,https://usu.instructure.com/courses/770651/files/93780034,2024-09-19 16:28:22,0,0,0,0,0,0,0,0,0,0,0,0,0,0,0,0,0,0,0,0,0,0,0,0,0,0,0,0,0,0,1,0,0,0,0,0,1,0
93780051,Sep 24 Module-3-Guided-Notes.pdf,application/pdf,0.069,,,https://usu.instructure.com/courses/770651/files/93780051,2024-09-24 16:19:52,0,0,0,0,0,0,0,0,0,0,0,0,0,0,0,0,0,0,0,0,0,0,0,0,0,0,0,0,0,0,1,0,0,0,0,0,1,0
93779652,Sep 26 FIN 3200 9.pdf,application/pdf,0.0,,,https://usu.instructure.com/courses/770651/files/93779652,2023-09-26 21:26:12,0,0,0,0,0,0,0,0,0,0,0,0,0,0,0,0,0,0,0,0,0,0,0,0,0,0,0,0,0,0,0,0,0,1,0,0,0,0
93780039,Sep 26 Module-3-Guided-Notes.pdf,application/pdf,0.069,,,https://usu.instructure.com/courses/770651/files/93780039,2024-09-26 16:18:59,0,0,0,0,0,0,0,0,0,0,0,0,0,0,0,0,0,0,0,0,0,0,0,0,0,0,0,0,0,0,1,0,0,0,0,0,1,0
93779553,Sep 3 Mod 1 Guided Notes.pdf,application/pdf,0.069,,,https://usu.instructure.com/courses/770651/files/93779553,2024-09-03 16:26:11,0,0,0,0,0,0,0,0,0,0,0,0,0,0,0,0,0,0,0,0,0,0,0,0,0,0,0,0,0,0,1,0,0,0,0,0,1,0
93779636,Sep 5 FIN 3200 Mod 1 Guided Notes 9.pdf,application/pdf,0.0,,,https://usu.instructure.com/courses/770651/files/93779636,2023-09-05 18:38:21,0,0,0,0,0,0,0,0,0,0,0,0,0,0,0,0,0,0,0,0,0,0,0,0,0,0,0,0,0,0,0,0,0,1,0,0,0,0
93780021,Sep 5 Mod 2 Guided Notes.pdf,application/pdf,0.069,,,https://usu.instructure.com/courses/770651/files/93780021,2024-09-05 17:52:51,0,0,0,0,0,0,0,0,0,0,0,0,0,0,0,0,0,0,0,0,0,0,0,0,0,0,0,0,0,0,1,0,0,0,0,0,1,0
93779638,Sep 7 FIN 3200 9.pdf,application/pdf,0.0,,,https://usu.instructure.com/courses/770651/files/93779638,2023-09-07 21:47:01,0,0,0,0,0,0,0,0,0,0,0,0,0,0,0,0,0,0,0,0,0,0,0,0,0,0,0,0,0,0,0,0,0,1,0,0,0,0
93779762,Slides Module 5-3.pdf,application/pdf,0.47747307997881355,,,https://usu.instructure.com/courses/770651/files/93779762,2022-02-07 19:26:52,1,1,0,0,0,0,0,0,0,0,0,0,0,0,0,0,0,0,0,0,0,0,0,0,0,0,0,0,0,0,0,0,0,0,0,1,0,0
93779821,Sorensen impact.png,image/png,0.239838644862175,,,https://usu.instructure.com/courses/770651/files/93779821,2023-03-06 16:58:20,0,0,0,0,0,0,0,0,0,0,0,0,0,0,0,0,0,0,0,0,0,0,0,0,1,1,1,0,0,0,0,0,0,0,0,0,0,0
93779766,Spring 2023 Finance 3200 Syllabus-1.pdf,application/pdf,0.5171625,,,https://usu.instructure.com/courses/770651/files/93779766,2023-01-10 10:35:41,0,0,0,1,0,0,0,0,0,0,0,0,0,0,0,0,0,0,0,0,0,0,0,0,0,0,0,0,0,0,0,0,0,0,0,0,0,1
93779825,Spring 2023 Finance 3200 Syllabus-2.pdf,application/pdf,0.5171625,,,https://usu.instructure.com/courses/770651/files/93779825,2023-03-13 21:24:41,0,0,0,1,0,0,0,0,0,0,0,0,0,0,0,0,0,0,0,0,0,0,0,0,0,0,0,0,0,0,0,0,0,0,0,0,0,1
93779757,Spring 2023 Finance 3200 Syllabus.pdf,application/pdf,0.5171625,,,https://usu.instructure.com/courses/770651/files/93779757,2023-01-07 04:26:14,0,0,0,1,0,0,0,0,0,0,0,0,0,0,0,0,0,0,0,0,0,0,0,0,0,0,0,0,0,0,0,0,0,0,0,0,0,1
93779917,Spring 2024 Finance 3200-002 Syllabus.pdf,application/pdf,0.5171625,,,https://usu.instructure.com/courses/770651/files/93779917,2023-12-21 00:36:36,0,0,0,1,0,0,0,0,0,0,0,0,0,0,0,0,0,0,0,0,0,0,0,0,0,0,0,0,0,0,0,0,0,0,0,0,0,1
93838330,Spring 2025 3200-008 Syllabus.pdf,application/pdf,0.5171625,,,https://usu.instructure.com/courses/770651/files/93838330,2025-01-02 16:25:55,0,0,0,1,0,0,0,0,0,0,0,0,0,0,0,0,0,0,0,0,0,0,0,0,0,0,0,0,0,0,0,0,0,0,0,0,0,1
93838484,Spring 25 Module 1 Slides.pdf,application/pdf,0.6075207345491388,,,https://usu.instructure.com/courses/770651/files/93838484,2025-01-02 16:37:07,1,1,0,0,0,0,0,0,0,0,0,0,0,0,0,0,0,0,0,0,0,0,0,0,0,0,0,0,0,0,0,0,0,0,0,0,0,0
page:2588918,Start Here,application/x-page,0.9971428571428572,,,,2024-12-28 23:17:55,0,0,0,0,0,0,0,0,0,0,0,0,0,1,0,0,0,0,0,0,0,0,0,0,0,0,0,0,0,0,0,0,0,0,0,0,0,0
93779631,Stone Meats Case-1.pdf,application/pdf,0.981,,,https://usu.instructure.com/courses/770651/files/93779631,2023-04-14 21:12:46,0,0,0,0,0,0,0,0,0,0,0,0,0,0,0,0,0,0,0,0,0,0,0,0,0,0,0,0,0,0,0,0,0,0,0,0,0,1
93780049,Stone Meats Case-2.pdf,application/pdf,0.981,,,https://usu.instructure.com/courses/770651/files/93780049,2023-12-06 17:06:15,0,0,0,0,0,0,0,0,0,0,0,0,0,0,0,0,0,0,0,0,0,0,0,0,0,0,0,0,0,0,0,0,0,0,0,0,0,1
93779993,Stone Meats Case-3.pdf,application/pdf,0.981,,,https://usu.instructure.com/courses/770651/files/93779993,2023-12-06 17:06:15,0,0,0,0,0,0,0,0,0,0,0,0,0,0,0,0,0,0,0,0,0,0,0,0,0,0,0,0,0,0,0,0,0,0,0,0,0,1
93779715,Stone Meats Case.pdf,application/pdf,0.981,,,https://usu.instructure.com/courses/770651/files/93779715,2023-04-14 21:12:46,0,0,0,0,0,0,0,0,0,0,0,0,0,0,0,0,0,0,0,0,0,0,0,0,0,0,0,0,0,0,0,0,0,0,0,0,0,1
assignment:4705047,Stone Meats Group Case Study,application/x-assignment,0.75,,,,2024-12-28 23:16:01,0,0,0,0,0,0,0,0,0,0,0,0,0,0,0,0,1,0,0,0,0,0,0,0,0,0,0,0,0,0,0,0,0,0,0,0,0,0
syllabus,Syllabus,application/x-syllabus,0.65,,,,2024-12-28 23:19:42,0,0,0,0,0,0,0,0,0,0,0,0,0,0,1,0,0,0,0,0,0,0,1,0,0,0,0,0,0,0,0,0,0,0,0,0,0,0
93779782,T1 Q1 Image.jpg,image/jpeg,0.25,,,https://usu.instructure.com/courses/770651/files/93779782,2023-01-11 12:11:28,0,0,0,0,0,0,0,0,0,0,0,0,0,0,0,0,0,0,0,0,0,0,0,0,0,1,1,0,0,0,0,0,0,0,0,0,0,0
93779768,T1 Q2-Q5 Version A BS (Mara Corp).PNG,image/png,0.25,,,https://usu.instructure.com/courses/770651/files/93779768,2021-05-06 03:59:23,0,0,0,0,0,0,0,0,0,0,0,0,0,0,0,0,0,0,0,0,0,0,0,0,0,1,1,0,0,0,0,0,0,0,0,0,0,0
93779779,T1 Q2-Q5 Version A IS (Mara Corp).PNG,image/png,0.25,,,https://usu.instructure.com/courses/770651/files/93779779,2021-05-06 03:59:55,0,0,0,0,0,0,0,0,0,0,0,0,0,0,0,0,0,0,0,0,0,0,0,0,0,1,1,0,0,0,0,0,0,0,0,0,0,0
93779780,T1 Q2-Q5 Version B BS (Rock Bottom).PNG,image/png,0.25,,,https://usu.instructure.com/courses/770651/files/93779780,2021-05-06 04:02:20,0,0,0,0,0,0,0,0,0,0,0,0,0,0,0,0,0,0,0,0,0,0,0,0,0,1,1,0,0,0,0,0,0,0,0,0,0,0
93779775,T1 Q2-Q5 Version B IS (Rock Bottom).PNG,image/png,0.25,,,https://usu.instructure.com/courses/770651/files/93779775,2021-05-06 04:02:45,0,0,0,0,0,0,0,0,0,0,0,0,0,0,0,0,0,0,0,0,0,0,0,0,0,1,1,0,0,0,0,0,0,0,0,0,0,0
93779759,T1 Q2-Q5 Version C BS (Dole Cola).PNG,image/png,0.25,,,https://usu.instructure.com/courses/770651/files/93779759,2021-05-06 04:04:21,0,0,0,0,0,0,0,0,0,0,0,0,0,0,0,0,0,0,0,0,0,0,0,0,0,1,1,0,0,0,0,0,0,0,0,0,0,0
93779769,T1 Q2-Q5 Version C IS (Dole Cola).PNG,image/png,0.25,,,https://usu.instructure.com/courses/770651/files/93779769,2021-05-06 04:04:45,0,0,0,0,0,0,0,0,0,0,0,0,0,0,0,0,0,0,0,0,0,0,0,0,0,1,1,0,0,0,0,0,0,0,0,0,0,0
93779781,T1 Q2-Q5 Version D BS (Phillipe).PNG,image/png,0.2455700933933258,,,https://usu.instructure.com/courses/770651/files/93779781,2021-05-06 04:06:16,0,0,0,0,0,0,0,0,0,0,0,0,0,0,0,0,0,0,0,0,0,0,0,0,1,1,1,0,0,0,0,0,0,0,0,0,0,0
93779728,TTM Mfg.pdf,application/pdf,0.981,,,https://usu.instructure.com/courses/770651/files/93779728,2021-03-24 16:50:26,0,0,0,0,0,0,0,0,0,0,0,0,0,0,0,0,0,0,0,0,0,0,0,0,0,0,0,0,0,0,0,0,0,0,0,0,0,1
93779630,Taco Swell-1.jpg,image/jpeg,0.23471766710281372,,,https://usu.instructure.com/courses/770651/files/93779630,2023-09-07 19:22:12,0,0,0,0,0,0,0,0,0,0,0,0,0,0,0,0,0,0,0,0,0,0,0,0,1,1,1,0,0,0,0,0,0,0,0,0,0,0
93779771,Taco Swell.jpg,image/jpeg,0.25,,,https://usu.instructure.com/courses/770651/files/93779771,2023-01-11 12:11:26,0,0,0,0,0,0,0,0,0,0,0,0,0,0,0,0,0,0,0,0,0,0,0,0,0,1,1,0,0,0,0,0,0,0,0,0,0,0
93779681,Test 2 Practice Problems-1.pdf,application/pdf,0.31837499999999996,,,https://usu.instructure.com/courses/770651/files/93779681,2021-05-22 04:59:42,1,0,0,1,0,0,0,0,0,0,0,0,0,0,0,0,0,0,0,0,0,0,0,0,0,0,0,0,0,0,0,0,0,0,0,0,0,1
93779848,Test 2 Practice Problems-2.pdf,application/pdf,0.477405,,,https://usu.instructure.com/courses/770651/files/93779848,2023-03-22 17:28:34,1,0,0,1,0,0,0,0,0,0,0,0,0,0,0,0,0,0,0,0,0,0,0,0,0,0,0,0,0,0,0,0,0,0,0,0,0,1
93779859,Test 2 Practice Problems-3.pdf,application/pdf,0.477405,,,https://usu.instructure.com/courses/770651/files/93779859,2023-03-29 22:39:14,1,0,0,1,0,0,0,0,0,0,0,0,0,0,0,0,0,0,0,0,0,0,0,0,0,0,0,0,0,0,0,0,0,0,0,0,0,1
93779804,Test 2 Practice Problems.pdf,application/pdf,0.477405,,,https://usu.instructure.com/courses/770651/files/93779804,2023-03-16 16:27:31,1,0,0,1,0,0,0,0,0,0,0,0,0,0,0,0,0,0,0,0,0,0,0,0,0,0,0,0,0,0,0,0,0,0,0,0,0,1
93779718,Test 3 Practice Problems.pdf,application/pdf,0.31837499999999996,,,https://usu.instructure.com/courses/770651/files/93779718,2019-11-01 05:40:38,1,0,0,1,0,0,0,0,0,0,0,0,0,0,0,0,0,0,0,0,0,0,0,0,0,0,0,0,0,0,0,0,0,0,0,0,0,1
93780047,The MBA Decision Case Study.pdf,application/pdf,0.981,,,https://usu.instructure.com/courses/770651/files/93780047,2023-08-27 02:55:19,0,0,0,0,0,0,0,0,0,0,0,0,0,0,0,0,0,0,0,0,0,0,0,0,0,0,0,0,0,0,0,0,0,0,0,0,0,1
93779952,The Summit International Corporation-1.pdf,application/pdf,0.2742,,,https://usu.instructure.com/courses/770651/files/93779952,2019-06-19 05:19:57,1,0,0,1,0,0,0,0,0,0,0,0,0,0,0,0,0,0,0,0,0,0,0,0,0,0,0,0,0,0,0,0,0,0,0,1,0,1
93779687,The Summit International Corporation.pdf,application/pdf,0.2742,,,https://usu.instructure.com/courses/770651/files/93779687,2019-06-19 05:19:57,1,0,0,1,0,0,0,0,0,0,0,0,0,0,0,0,0,0,0,0,0,0,0,0,0,0,0,0,0,0,0,0,0,0,0,1,0,1
93779751,The Summit International Corporation.pdf,application/pdf,0.2742,,,https://usu.instructure.com/courses/770651/files/93779751,2019-06-19 05:19:57,1,0,0,1,0,0,0,0,0,0,0,0,0,0,0,0,0,0,0,0,0,0,0,0,0,0,0,0,0,0,0,0,0,0,0,1,0,1
93779729,The Summit International Corporation.pdf,application/pdf,0.2742,,,https://usu.instructure.com/courses/770651/files/93779729,2019-06-19 05:19:57,1,0,0,1,0,0,0,0,0,0,0,0,0,0,0,0,0,0,0,0,0,0,0,0,0,0,0,0,0,0,0,0,0,0,0,1,0,1
93780015,Time Value of Money Screencast.pptx,application/vnd.openxmlformats-officedocument.presentationml.presentation,0.2761278453383224,,,https://usu.instructure.com/courses/770651/files/93780015,2019-03-20 20:46:06,1,1,0,1,0,0,0,0,0,0,0,0,0,0,0,0,0,0,0,0,0,0,0,0,0,0,0,0,0,0,0,0,0,0,0,1,0,0
93779541,USU flyer Melaleuca.pdf,application/pdf,0.07913117546848382,,,https://usu.instructure.com/courses/770651/files/93779541,2024-10-02 14:31:44,0,1,0,0,0,0,0,0,0,0,0,0,0,0,0,0,0,0,0,0,0,0,0,0,0,0,0,0,0,0,0,0,0,0,0,0,1,1
announcement:3153902,Upcoming Opportunities,application/x-announcement,0.75,,,,2025-02-13 19:00:02,0,0,0,0,0,0,0,0,0,0,0,0,0,0,0,0,1,0,0,0,0,0,0,0,0,0,0,0,0,0,0,0,0,0,0,0,0,0
announcement:3167870,Upcoming Opportunities,application/x-announcement,1.0,,,,2025-03-08 03:22:08,0,0,0,0,0,0,0,0,0,0,0,0,0,0,0,0,0,0,0,0,0,0,0,0,0,0,0,0,0,0,0,0,0,0,0,0,0,0
93779918,Upperclassmen Panel (1).pdf,application/pdf,0.05,,,https://usu.instructure.com/courses/770651/files/93779918,2023-10-30 21:08:22,0,1,0,0,0,0,0,0,0,0,0,0,0,0,0,0,0,0,0,0,0,0,0,0,0,0,0,0,0,0,0,0,0,0,0,0,0,0
quiz:1302438,Welcome Survey,application/x-quiz,1.0,,,,2023-10-17 21:21:21,0,0,0,0,0,0,0,0,0,0,0,0,0,0,0,0,0,0,0,0,0,0,0,0,0,0,0,0,0,0,0,0,0,0,0,0,0,0
93779642,course image 3.jpg,image/jpeg,0.25,,,https://usu.instructure.com/courses/770651/files/93779642,2023-01-07 04:26:09,0,0,0,0,0,0,0,0,0,0,0,0,0,0,0,0,0,0,0,0,0,0,0,0,0,1,1,0,0,0,0,0,0,0,0,0,0,0
93779675,financial management-1.jpg,image/jpeg,0.25,,,https://usu.instructure.com/courses/770651/files/93779675,2022-12-13 22:00:15,0,0,0,0,0,0,0,0,0,0,0,0,0,0,0,0,0,0,0,0,0,0,0,0,0,1,1,0,0,0,0,0,0,0,0,0,0,0
93779748,financial management.jpg,image/jpeg,0.25,,,https://usu.instructure.com/courses/770651/files/93779748,2022-03-16 03:00:58,0,0,0,0,0,0,0,0,0,0,0,0,0,0,0,0,0,0,0,0,0,0,0,0,0,1,1,0,0,0,0,0,0,0,0,0,0,0
93779678,huntsman-logo-2.png,image/png,0.9424615204334259,,,https://usu.instructure.com/courses/770651/files/93779678,2016-07-07 18:10:21,0,0,0,0,0,0,0,0,0,0,0,0,0,0,0,0,0,0,0,0,0,0,0,0,1,0,0,0,0,0,0,0,0,0,0,0,0,0
93779555,image.png,image/png,0.25,,,https://usu.instructure.com/courses/770651/files/93779555,2024-11-14 17:41:34,0,0,0,0,0,0,0,0,0,0,0,0,0,0,0,0,0,0,0,0,0,0,0,0,0,1,1,0,0,0,0,0,0,0,0,0,0,0
93779679,side-banner-1.png,image/png,1.0,,,https://usu.instructure.com/courses/770651/files/93779679,2016-07-09 00:24:58,0,0,0,0,0,0,0,0,0,0,0,0,0,0,0,0,0,0,0,0,0,0,0,0,0,0,0,0,0,0,0,0,0,0,0,0,0,0
93779653,side-banner.png,image/png,1.0,,,https://usu.instructure.com/courses/770651/files/93779653,2016-07-09 00:24:58,0,0,0,0,0,0,0,0,0,0,0,0,0,0,0,0,0,0,0,0,0,0,0,0,0,0,0,0,0,0,0,0,0,0,0,0,0,0
